{
    "total": [
        {
            "id": "100001838241327",
            "count": 0
        },
        {
            "id": "100068096370437",
            "count": 3
        },
        {
            "id": "100018088576695",
            "count": 0
        },
        {
            "id": "100041600164073",
            "count": 0
        },
        {
            "id": "100074293234284",
            "count": 1
        },
        {
            "id": "100046493183467",
            "count": 0
        },
        {
            "id": "100041468498320",
            "count": 0
        },
        {
            "id": "100049867818618",
            "count": 0
        },
        {
            "id": "100087659527478",
            "count": 0
        },
        {
            "id": "100041105450808",
            "count": 0
        },
        {
            "id": "100092573320601",
            "count": 0
        },
        {
            "id": "100050671301677",
            "count": 0
        },
        {
            "id": "1631016269",
            "count": 0
        },
        {
            "id": "100077673665132",
            "count": 0
        },
        {
            "id": "100092485396437",
            "count": 1
        },
        {
            "id": "61554601029143",
            "count": 0
        },
        {
            "id": "100093483349850",
            "count": 0
        },
        {
            "id": "100091976951313",
            "count": 0
        },
        {
            "id": "100004131041279",
            "count": 0
        },
        {
            "id": "100001837873386",
            "count": 0
        },
        {
            "id": "100071489084321",
            "count": 0
        }
    ],
    "week": [
        {
            "id": "100001838241327",
            "count": 0,
            "name": "Phương Anh Thị Trần"
        },
        {
            "id": "100068096370437",
            "count": 0,
            "name": "Phạm Minh Đồng"
        },
        {
            "id": "100018088576695",
            "count": 0,
            "name": "Nguyen Thanh Loc"
        },
        {
            "id": "100041600164073",
            "count": 0,
            "name": "Dang Danh ✓"
        },
        {
            "id": "100074293234284",
            "count": 0,
            "name": "Singu　Hạnh　Phúc　Có　Thể　Bỏ　Rơi Anh　Mà　Đi　Thật　Xa"
        },
        {
            "id": "100046493183467",
            "count": 0,
            "name": "Trần Anh Khang🧸🐷"
        },
        {
            "id": "100041468498320",
            "count": 0,
            "name": "Minh Tịnh"
        },
        {
            "id": "100049867818618",
            "count": 0,
            "name": "My Nguyen"
        },
        {
            "id": "100087659527478",
            "count": 0,
            "name": "Trần Xuân Bách"
        },
        {
            "id": "100041105450808",
            "count": 0,
            "name": "MaiLinh Ng"
        },
        {
            "id": "100092573320601",
            "count": 0,
            "name": "𝑻𝒓𝒖𝒐𝒏𝒈 𝑸𝒖𝒐𝒄 𝑻𝒖𓅃"
        },
        {
            "id": "100050671301677",
            "count": 0,
            "name": " 👾 ⒽⒾⒺⓊ Hackk Cơoo🧸😈😡🇭 🇮 🇪 🇺 🇻🇳✓"
        },
        {
            "id": "1631016269",
            "count": 0,
            "name": "Phạm Minh Đồng"
        },
        {
            "id": "100077673665132",
            "count": 0,
            "name": "Lê Trí Đạt ❤️❤️💚💛"
        },
        {
            "id": "100092485396437",
            "count": 0,
            "name": "CuShin Songan"
        },
        {
            "id": "61554601029143",
            "count": 0,
            "name": "Zit Nep"
        },
        {
            "id": "100093483349850",
            "count": 0,
            "name": "Bảo Hà"
        },
        {
            "id": "100091976951313",
            "count": 0,
            "name": "Thamꔰ丨ƻ Ο ƻ Ꮞ"
        },
        {
            "id": "100004131041279",
            "count": 0,
            "name": "Trương Duy Khương"
        },
        {
            "id": "100001837873386",
            "count": 0,
            "name": "Trần Thị Kim Anh"
        },
        {
            "id": "100071489084321",
            "count": 0,
            "name": "Việt Annh"
        }
    ],
    "day": [
        {
            "id": "100001838241327",
            "count": 0,
            "name": "Phương Anh Thị Trần"
        },
        {
            "id": "100068096370437",
            "count": 0,
            "name": "Phạm Minh Đồng"
        },
        {
            "id": "100018088576695",
            "count": 0,
            "name": "Người dùng facebook"
        },
        {
            "id": "100041600164073",
            "count": 0,
            "name": "Người dùng facebook"
        },
        {
            "id": "100074293234284",
            "count": 0,
            "name": "Người dùng facebook"
        },
        {
            "id": "100046493183467",
            "count": 0,
            "name": "Người dùng facebook"
        },
        {
            "id": "100041468498320",
            "count": 0,
            "name": "Người dùng facebook"
        },
        {
            "id": "100049867818618",
            "count": 0,
            "name": "Người dùng facebook"
        },
        {
            "id": "100087659527478",
            "count": 0,
            "name": "Người dùng facebook"
        },
        {
            "id": "100041105450808",
            "count": 0,
            "name": "Người dùng facebook"
        },
        {
            "id": "100092573320601",
            "count": 0,
            "name": "Người dùng facebook"
        },
        {
            "id": "100050671301677",
            "count": 0,
            "name": "Người dùng facebook"
        },
        {
            "id": "1631016269",
            "count": 0,
            "name": "Phạm Minh Đồng"
        },
        {
            "id": "100077673665132",
            "count": 0,
            "name": "Người dùng facebook"
        },
        {
            "id": "100092485396437",
            "count": 0,
            "name": "Người dùng facebook"
        },
        {
            "id": "61554601029143",
            "count": 0,
            "name": "Người dùng facebook"
        },
        {
            "id": "100093483349850",
            "count": 0,
            "name": "Người dùng facebook"
        },
        {
            "id": "100091976951313",
            "count": 0,
            "name": "Người dùng facebook"
        },
        {
            "id": "100004131041279",
            "count": 0,
            "name": "Người dùng facebook"
        },
        {
            "id": "100001837873386",
            "count": 0,
            "name": "Trần Thị Kim Anh"
        },
        {
            "id": "100071489084321",
            "count": 0,
            "name": "Người dùng facebook"
        }
    ],
    "time": 6,
    "last": {
        "time": 6,
        "day": [
            {
                "id": "100001838241327",
                "count": 0
            },
            {
                "id": "100068096370437",
                "count": 0
            },
            {
                "id": "100018088576695",
                "count": 0
            },
            {
                "id": "100041600164073",
                "count": 0
            },
            {
                "id": "100074293234284",
                "count": 0
            },
            {
                "id": "100046493183467",
                "count": 0
            },
            {
                "id": "100041468498320",
                "count": 0
            },
            {
                "id": "100049867818618",
                "count": 0
            },
            {
                "id": "100087659527478",
                "count": 0
            },
            {
                "id": "100041105450808",
                "count": 0
            },
            {
                "id": "100000908922959",
                "count": 0
            },
            {
                "id": "100092573320601",
                "count": 0
            },
            {
                "id": "100050671301677",
                "count": 0
            },
            {
                "id": "1631016269",
                "count": 0
            },
            {
                "id": "100077673665132",
                "count": 0
            },
            {
                "id": "100092485396437",
                "count": 0
            },
            {
                "id": "61554601029143",
                "count": 0
            },
            {
                "id": "100093483349850",
                "count": 0
            },
            {
                "id": "100091976951313",
                "count": 0
            },
            {
                "id": "100004131041279",
                "count": 0
            },
            {
                "id": "100009193419033",
                "count": 0
            },
            {
                "id": "61553922116818",
                "count": 0
            },
            {
                "id": "61555888225858",
                "count": 0
            },
            {
                "id": "100001837873386",
                "count": 0
            },
            {
                "id": "100071489084321",
                "count": 0
            }
        ],
        "week": [
            {
                "id": "100001838241327",
                "count": 0
            },
            {
                "id": "100068096370437",
                "count": 0
            },
            {
                "id": "100018088576695",
                "count": 0
            },
            {
                "id": "100041600164073",
                "count": 0
            },
            {
                "id": "100074293234284",
                "count": 0
            },
            {
                "id": "100046493183467",
                "count": 0
            },
            {
                "id": "100041468498320",
                "count": 0
            },
            {
                "id": "100049867818618",
                "count": 0
            },
            {
                "id": "100087659527478",
                "count": 0
            },
            {
                "id": "100041105450808",
                "count": 0
            },
            {
                "id": "100000908922959",
                "count": 0
            },
            {
                "id": "100092573320601",
                "count": 0
            },
            {
                "id": "100050671301677",
                "count": 0
            },
            {
                "id": "1631016269",
                "count": 0
            },
            {
                "id": "100077673665132",
                "count": 0
            },
            {
                "id": "100092485396437",
                "count": 0
            },
            {
                "id": "61554601029143",
                "count": 0
            },
            {
                "id": "100093483349850",
                "count": 0
            },
            {
                "id": "100091976951313",
                "count": 0
            },
            {
                "id": "100004131041279",
                "count": 0
            },
            {
                "id": "100009193419033",
                "count": 0
            },
            {
                "id": "61553922116818",
                "count": 0
            },
            {
                "id": "61555888225858",
                "count": 0
            },
            {
                "id": "100001837873386",
                "count": 0
            },
            {
                "id": "100071489084321",
                "count": 0
            }
        ]
    }
}