{
    "total": [
        {
            "id": "100077469819966",
            "count": 0
        },
        {
            "id": "100071084504201",
            "count": 0
        },
        {
            "id": "100063250480075",
            "count": 0
        },
        {
            "id": "100064146370576",
            "count": 0
        },
        {
            "id": "100075152822466",
            "count": 0
        },
        {
            "id": "100068199812722",
            "count": 0
        },
        {
            "id": "100075274560371",
            "count": 0
        },
        {
            "id": "100038084057484",
            "count": 0
        },
        {
            "id": "100074815368695",
            "count": 0
        },
        {
            "id": "100080302155980",
            "count": 0
        },
        {
            "id": "100053713043425",
            "count": 0
        },
        {
            "id": "100081004278963",
            "count": 0
        },
        {
            "id": "100053469476273",
            "count": 0
        },
        {
            "id": "100071894952726",
            "count": 4
        },
        {
            "id": "100087380310276",
            "count": 0
        },
        {
            "id": "100068096370437",
            "count": 36
        },
        {
            "id": "100056028054222",
            "count": 0
        },
        {
            "id": "100090084740812",
            "count": 0
        },
        {
            "id": "100089827548604",
            "count": 2
        },
        {
            "id": "100069335739786",
            "count": 0
        },
        {
            "id": "100082310664641",
            "count": 0
        },
        {
            "id": "100074055588826",
            "count": 0
        },
        {
            "id": "100075185498345",
            "count": 3
        },
        {
            "id": "100086633355982",
            "count": 0
        },
        {
            "id": "100092870136005",
            "count": 5
        },
        {
            "id": "100067005926725",
            "count": 0
        },
        {
            "id": "100062007585589",
            "count": 75
        },
        {
            "id": "100001837873386",
            "count": 0
        },
        {
            "id": "100063529484136",
            "count": 0
        },
        {
            "id": "100094323567537",
            "count": 0
        },
        {
            "id": "100077324780619",
            "count": 0
        },
        {
            "id": "100087391459280",
            "count": 0
        },
        {
            "id": "100094003574431",
            "count": 26
        },
        {
            "id": "100088353093611",
            "count": 0
        },
        {
            "id": "100043043294961",
            "count": 1
        },
        {
            "id": "100083960373576",
            "count": 0
        },
        {
            "id": "100001282813249",
            "count": 0
        },
        {
            "id": "100088221641899",
            "count": 0
        },
        {
            "id": "100080348648049",
            "count": 0
        },
        {
            "id": "100062149533699",
            "count": 0
        },
        {
            "id": "100057273502696",
            "count": 0
        },
        {
            "id": "100001838241327",
            "count": 0
        },
        {
            "id": "61554998547680",
            "count": 0
        },
        {
            "id": "100008373421436",
            "count": 0
        },
        {
            "id": "100055642826998",
            "count": 58
        }
    ],
    "week": [
        {
            "id": "100077469819966",
            "count": 0,
            "name": "Hà Duy Dũng"
        },
        {
            "id": "100071084504201",
            "count": 0,
            "name": "ʚKhúc Đình Hiệpɞ"
        },
        {
            "id": "100063250480075",
            "count": 0,
            "name": "Hưng"
        },
        {
            "id": "100064146370576",
            "count": 0,
            "name": "Tường Vy"
        },
        {
            "id": "100075152822466",
            "count": 0,
            "name": "Hoàng Tuấn"
        },
        {
            "id": "100068199812722",
            "count": 0,
            "name": "Long Tran"
        },
        {
            "id": "100075274560371",
            "count": 0,
            "name": "Nguyễn Xuân Triển"
        },
        {
            "id": "100038084057484",
            "count": 0,
            "name": "Trần Nguyên"
        },
        {
            "id": "100074815368695",
            "count": 0,
            "name": "Huỳnh Thị Bích Ngọc"
        },
        {
            "id": "100080302155980",
            "count": 0,
            "name": "Tuan Anh Nguyen"
        },
        {
            "id": "100053713043425",
            "count": 0,
            "name": "Ngyn Bel Puc"
        },
        {
            "id": "100081004278963",
            "count": 0,
            "name": "𝔗𝔯𝔞̂̀𝔫 𝔗𝔯𝔬̣𝔫𝔤 𝔗𝔥𝔲̛𝔬̛̉𝔫𝔤 𓅂"
        },
        {
            "id": "100053469476273",
            "count": 0,
            "name": "Đăng Khoa"
        },
        {
            "id": "100071894952726",
            "count": 0,
            "name": "Khúc Đình Hiệp"
        },
        {
            "id": "100087380310276",
            "count": 0,
            "name": "Quyet Hoang"
        },
        {
            "id": "100068096370437",
            "count": 0,
            "name": "Phạm Minh Đồng"
        },
        {
            "id": "100056028054222",
            "count": 0,
            "name": "Trần Nguyên"
        },
        {
            "id": "100090084740812",
            "count": 0,
            "name": "Thuỳ Linh"
        },
        {
            "id": "100089827548604",
            "count": 0,
            "name": "Duong Ng💗"
        },
        {
            "id": "100069335739786",
            "count": 0,
            "name": "Hoang Anh"
        },
        {
            "id": "100082310664641",
            "count": 0,
            "name": "Quang Huyy"
        },
        {
            "id": "100074055588826",
            "count": 0,
            "name": "Chuc Chuc"
        },
        {
            "id": "100075185498345",
            "count": 0,
            "name": " Nguyễn Đức Hậu 💤 🐼"
        },
        {
            "id": "100086633355982",
            "count": 0,
            "name": "Quang Haii"
        },
        {
            "id": "100092870136005",
            "count": 1,
            "name": "Trương Guây"
        },
        {
            "id": "100067005926725",
            "count": 0,
            "name": "Xuan Mai"
        },
        {
            "id": "100062007585589",
            "count": 0,
            "name": "Bùi Công Vinh"
        },
        {
            "id": "100001837873386",
            "count": 0,
            "name": "Trần Thị Kim Anh"
        },
        {
            "id": "100063529484136",
            "count": 0,
            "name": "Nguyễn Chí Nguyên"
        },
        {
            "id": "100094323567537",
            "count": 0,
            "name": "Diệu Thúyy"
        },
        {
            "id": "100077324780619",
            "count": 0,
            "name": "Ngo Tri Linh "
        },
        {
            "id": "100087391459280",
            "count": 0,
            "name": "Hiếu"
        },
        {
            "id": "100094003574431",
            "count": 0,
            "name": "Ph Văn Diện"
        },
        {
            "id": "100088353093611",
            "count": 0,
            "name": "Bảo Ngọc"
        },
        {
            "id": "100043043294961",
            "count": 0,
            "name": "Võ Minh Quân"
        },
        {
            "id": "100083960373576",
            "count": 0,
            "name": "Khanh Huyenn"
        },
        {
            "id": "100001282813249",
            "count": 0,
            "name": "Dương Ngọc Khang"
        },
        {
            "id": "100088221641899",
            "count": 0,
            "name": "Nguyễn Văn An"
        },
        {
            "id": "100080348648049",
            "count": 0,
            "name": "Phạm Văn Tùng"
        },
        {
            "id": "100062149533699",
            "count": 0,
            "name": "Ba Minh"
        },
        {
            "id": "100057273502696",
            "count": 0,
            "name": "Huy"
        },
        {
            "id": "100001838241327",
            "count": 0,
            "name": "Phương Anh Thị Trần"
        },
        {
            "id": "61554998547680",
            "count": 0,
            "name": "Phạm Lê Hoàng Lộc"
        },
        {
            "id": "100008373421436",
            "count": 0,
            "name": "𝑷𝒉𝒂𝒎 𝑴𝒊𝒏𝒉 𝑫𝒐𝒏𝒈 𓅗"
        },
        {
            "id": "100055642826998",
            "count": 0,
            "name": "𝓣𝓱𝓪𝓷𝓱 𝓓𝓪𝓽 ꪜ"
        }
    ],
    "day": [
        {
            "id": "100077469819966",
            "count": 0,
            "name": "Người dùng facebook"
        },
        {
            "id": "100071084504201",
            "count": 0,
            "name": "Người dùng facebook"
        },
        {
            "id": "100063250480075",
            "count": 0,
            "name": "Người dùng facebook"
        },
        {
            "id": "100064146370576",
            "count": 0,
            "name": "Người dùng facebook"
        },
        {
            "id": "100075152822466",
            "count": 0,
            "name": "Người dùng facebook"
        },
        {
            "id": "100068199812722",
            "count": 0,
            "name": "Người dùng facebook"
        },
        {
            "id": "100075274560371",
            "count": 0,
            "name": "Người dùng facebook"
        },
        {
            "id": "100038084057484",
            "count": 0,
            "name": "Người dùng facebook"
        },
        {
            "id": "100074815368695",
            "count": 0,
            "name": "Người dùng facebook"
        },
        {
            "id": "100080302155980",
            "count": 0,
            "name": "Người dùng facebook"
        },
        {
            "id": "100053713043425",
            "count": 0,
            "name": "Người dùng facebook"
        },
        {
            "id": "100081004278963",
            "count": 0,
            "name": "Người dùng facebook"
        },
        {
            "id": "100053469476273",
            "count": 0,
            "name": "Người dùng facebook"
        },
        {
            "id": "100071894952726",
            "count": 0,
            "name": "Người dùng facebook"
        },
        {
            "id": "100087380310276",
            "count": 0,
            "name": "Người dùng facebook"
        },
        {
            "id": "100068096370437",
            "count": 0,
            "name": "Phạm Minh Đồng"
        },
        {
            "id": "100056028054222",
            "count": 0,
            "name": "Người dùng facebook"
        },
        {
            "id": "100090084740812",
            "count": 0,
            "name": "Người dùng facebook"
        },
        {
            "id": "100089827548604",
            "count": 0,
            "name": "Người dùng facebook"
        },
        {
            "id": "100069335739786",
            "count": 0,
            "name": "Người dùng facebook"
        },
        {
            "id": "100082310664641",
            "count": 0,
            "name": "Người dùng facebook"
        },
        {
            "id": "100074055588826",
            "count": 0,
            "name": "Người dùng facebook"
        },
        {
            "id": "100075185498345",
            "count": 0,
            "name": "Người dùng facebook"
        },
        {
            "id": "100086633355982",
            "count": 0,
            "name": "Người dùng facebook"
        },
        {
            "id": "100092870136005",
            "count": 0,
            "name": "Người dùng facebook"
        },
        {
            "id": "100067005926725",
            "count": 0,
            "name": "Người dùng facebook"
        },
        {
            "id": "100062007585589",
            "count": 0,
            "name": "Người dùng facebook"
        },
        {
            "id": "100001837873386",
            "count": 0,
            "name": "Trần Thị Kim Anh"
        },
        {
            "id": "100063529484136",
            "count": 0,
            "name": "Người dùng facebook"
        },
        {
            "id": "100094323567537",
            "count": 0,
            "name": "Người dùng facebook"
        },
        {
            "id": "100077324780619",
            "count": 0,
            "name": "Người dùng facebook"
        },
        {
            "id": "100087391459280",
            "count": 0,
            "name": "Người dùng facebook"
        },
        {
            "id": "100094003574431",
            "count": 0,
            "name": "Người dùng facebook"
        },
        {
            "id": "100088353093611",
            "count": 0,
            "name": "Người dùng facebook"
        },
        {
            "id": "100043043294961",
            "count": 0,
            "name": "Người dùng facebook"
        },
        {
            "id": "100083960373576",
            "count": 0,
            "name": "Người dùng facebook"
        },
        {
            "id": "100001282813249",
            "count": 0,
            "name": "Người dùng facebook"
        },
        {
            "id": "100088221641899",
            "count": 0,
            "name": "Người dùng facebook"
        },
        {
            "id": "100080348648049",
            "count": 0,
            "name": "Người dùng facebook"
        },
        {
            "id": "100062149533699",
            "count": 0,
            "name": "Người dùng facebook"
        },
        {
            "id": "100057273502696",
            "count": 0,
            "name": "Người dùng facebook"
        },
        {
            "id": "100001838241327",
            "count": 0,
            "name": "Phương Anh Thị Trần"
        },
        {
            "id": "61554998547680",
            "count": 0,
            "name": "Người dùng facebook"
        },
        {
            "id": "100008373421436",
            "count": 0,
            "name": "Người dùng Facebook"
        },
        {
            "id": "100055642826998",
            "count": 0,
            "name": "Người dùng facebook"
        }
    ],
    "time": 6,
    "last": {
        "time": 4,
        "day": [
            {
                "id": "100077469819966",
                "count": 0
            },
            {
                "id": "100071084504201",
                "count": 0
            },
            {
                "id": "100063250480075",
                "count": 0
            },
            {
                "id": "100064146370576",
                "count": 0
            },
            {
                "id": "100075152822466",
                "count": 0
            },
            {
                "id": "100068199812722",
                "count": 0
            },
            {
                "id": "100075274560371",
                "count": 0
            },
            {
                "id": "100038084057484",
                "count": 0
            },
            {
                "id": "100074815368695",
                "count": 0
            },
            {
                "id": "100080302155980",
                "count": 0
            },
            {
                "id": "100053713043425",
                "count": 0
            },
            {
                "id": "100081004278963",
                "count": 0
            },
            {
                "id": "100053469476273",
                "count": 0
            },
            {
                "id": "100071894952726",
                "count": 0
            },
            {
                "id": "100087380310276",
                "count": 0
            },
            {
                "id": "100068096370437",
                "count": 0
            },
            {
                "id": "100056028054222",
                "count": 0
            },
            {
                "id": "100090084740812",
                "count": 0
            },
            {
                "id": "100089827548604",
                "count": 0
            },
            {
                "id": "100069335739786",
                "count": 0
            },
            {
                "id": "100082310664641",
                "count": 0
            },
            {
                "id": "100074055588826",
                "count": 0
            },
            {
                "id": "100075185498345",
                "count": 0
            },
            {
                "id": "100086633355982",
                "count": 0
            },
            {
                "id": "100092870136005",
                "count": 0
            },
            {
                "id": "100067005926725",
                "count": 0
            },
            {
                "id": "100062007585589",
                "count": 0
            },
            {
                "id": "100001837873386",
                "count": 0
            },
            {
                "id": "100063529484136",
                "count": 0
            },
            {
                "id": "100092731686277",
                "count": 0
            },
            {
                "id": "100094323567537",
                "count": 0
            },
            {
                "id": "100077324780619",
                "count": 0
            },
            {
                "id": "100087391459280",
                "count": 0
            },
            {
                "id": "100094003574431",
                "count": 0
            },
            {
                "id": "100088353093611",
                "count": 0
            },
            {
                "id": "100043043294961",
                "count": 0
            },
            {
                "id": "100083960373576",
                "count": 0
            },
            {
                "id": "100001282813249",
                "count": 0
            },
            {
                "id": "100088221641899",
                "count": 0
            },
            {
                "id": "100080348648049",
                "count": 0
            },
            {
                "id": "100062149533699",
                "count": 0
            },
            {
                "id": "100057273502696",
                "count": 0
            },
            {
                "id": "100001838241327",
                "count": 0
            },
            {
                "id": "61554998547680",
                "count": 0
            },
            {
                "id": "100001906861787",
                "count": 0
            },
            {
                "id": "100009193419033",
                "count": 0
            },
            {
                "id": "100000710492810",
                "count": 0
            },
            {
                "id": "100008373421436",
                "count": 0
            },
            {
                "id": "100055642826998",
                "count": 0
            }
        ],
        "week": [
            {
                "id": "100077469819966",
                "count": 0
            },
            {
                "id": "100071084504201",
                "count": 0
            },
            {
                "id": "100063250480075",
                "count": 0
            },
            {
                "id": "100064146370576",
                "count": 0
            },
            {
                "id": "100075152822466",
                "count": 0
            },
            {
                "id": "100068199812722",
                "count": 0
            },
            {
                "id": "100075274560371",
                "count": 0
            },
            {
                "id": "100038084057484",
                "count": 0
            },
            {
                "id": "100074815368695",
                "count": 0
            },
            {
                "id": "100080302155980",
                "count": 0
            },
            {
                "id": "100053713043425",
                "count": 0
            },
            {
                "id": "100081004278963",
                "count": 0
            },
            {
                "id": "100053469476273",
                "count": 0
            },
            {
                "id": "100071894952726",
                "count": 0
            },
            {
                "id": "100087380310276",
                "count": 0
            },
            {
                "id": "100068096370437",
                "count": 0
            },
            {
                "id": "100056028054222",
                "count": 0
            },
            {
                "id": "100090084740812",
                "count": 0
            },
            {
                "id": "100089827548604",
                "count": 0
            },
            {
                "id": "100069335739786",
                "count": 0
            },
            {
                "id": "100082310664641",
                "count": 0
            },
            {
                "id": "100074055588826",
                "count": 0
            },
            {
                "id": "100075185498345",
                "count": 0
            },
            {
                "id": "100086633355982",
                "count": 0
            },
            {
                "id": "100092870136005",
                "count": 0
            },
            {
                "id": "100067005926725",
                "count": 0
            },
            {
                "id": "100062007585589",
                "count": 0
            },
            {
                "id": "100001837873386",
                "count": 0
            },
            {
                "id": "100063529484136",
                "count": 0
            },
            {
                "id": "100092731686277",
                "count": 0
            },
            {
                "id": "100094323567537",
                "count": 0
            },
            {
                "id": "100077324780619",
                "count": 0
            },
            {
                "id": "100087391459280",
                "count": 0
            },
            {
                "id": "100094003574431",
                "count": 0
            },
            {
                "id": "100088353093611",
                "count": 0
            },
            {
                "id": "100043043294961",
                "count": 0
            },
            {
                "id": "100083960373576",
                "count": 0
            },
            {
                "id": "100001282813249",
                "count": 0
            },
            {
                "id": "100088221641899",
                "count": 0
            },
            {
                "id": "100080348648049",
                "count": 0
            },
            {
                "id": "100062149533699",
                "count": 0
            },
            {
                "id": "100057273502696",
                "count": 0
            },
            {
                "id": "100001838241327",
                "count": 0
            },
            {
                "id": "61554998547680",
                "count": 0
            },
            {
                "id": "100001906861787",
                "count": 0
            },
            {
                "id": "100009193419033",
                "count": 0
            },
            {
                "id": "100000710492810",
                "count": 0
            },
            {
                "id": "100008373421436",
                "count": 0
            },
            {
                "id": "100055642826998",
                "count": 0
            }
        ]
    }
}