{
    "total": [
        {
            "id": "100090168070553",
            "count": 133
        },
        {
            "id": "100092744481406",
            "count": 29
        },
        {
            "id": "100038791595043",
            "count": 13
        },
        {
            "id": "100090260659479",
            "count": 36
        },
        {
            "id": "100022448225417",
            "count": 31
        },
        {
            "id": "100051451965796",
            "count": 38
        },
        {
            "id": "100069091017023",
            "count": 13
        },
        {
            "id": "100068096370437",
            "count": 277
        },
        {
            "id": "100028548344383",
            "count": 6
        },
        {
            "id": "100061285663625",
            "count": 35
        },
        {
            "id": "832704028",
            "count": 122
        },
        {
            "id": "61556013187606",
            "count": 5
        },
        {
            "id": "100009193419033",
            "count": 0
        },
        {
            "id": "100071768980176",
            "count": 133
        },
        {
            "id": "100085073240621",
            "count": 39
        },
        {
            "id": "100064533063816",
            "count": 0
        },
        {
            "id": "100011950817290",
            "count": 0
        },
        {
            "id": "100094662740975",
            "count": 1
        },
        {
            "id": "100001837873386",
            "count": 0
        },
        {
            "id": "100065341442758",
            "count": 1
        },
        {
            "id": "100091548416971",
            "count": 94
        },
        {
            "id": "100079827743922",
            "count": 0
        },
        {
            "id": "100028339601775",
            "count": 0
        },
        {
            "id": "61554167256267",
            "count": 23
        },
        {
            "id": "100053800224181",
            "count": 0
        },
        {
            "id": "100074007695250",
            "count": 3
        },
        {
            "id": "100069864945865",
            "count": 33
        },
        {
            "id": "100088286371303",
            "count": 8
        },
        {
            "id": "100038946913086",
            "count": 0
        },
        {
            "id": "100031187958162",
            "count": 204
        },
        {
            "id": "100089560755228",
            "count": 9
        },
        {
            "id": "100078644937656",
            "count": 4
        },
        {
            "id": "61551063459752",
            "count": 0
        },
        {
            "id": "100029378752728",
            "count": 9
        },
        {
            "id": "61556248285966",
            "count": 31
        },
        {
            "id": "100062426421455",
            "count": 57
        },
        {
            "id": "100095329730145",
            "count": 22
        },
        {
            "id": "61554817702217",
            "count": 11
        },
        {
            "id": "61553462440472",
            "count": 0
        },
        {
            "id": "100041525962672",
            "count": 1
        },
        {
            "id": "100075493308135",
            "count": 3
        },
        {
            "id": "100074278195157",
            "count": 86
        },
        {
            "id": "61550726037530",
            "count": 15
        },
        {
            "id": "100094884761715",
            "count": 13
        },
        {
            "id": "100091627916764",
            "count": 58
        },
        {
            "id": "61555033504192",
            "count": 13
        },
        {
            "id": "61556258041932",
            "count": 7
        }
    ],
    "week": [
        {
            "id": "100090168070553",
            "count": 4,
            "name": "Tii Enn Tii"
        },
        {
            "id": "100092744481406",
            "count": 0,
            "name": "Ng Huy"
        },
        {
            "id": "100038791595043",
            "count": 1,
            "name": "Lâm Hào"
        },
        {
            "id": "100090260659479",
            "count": 0,
            "name": "Miuu Linhh"
        },
        {
            "id": "100022448225417",
            "count": 0,
            "name": "ミン ドゥ"
        },
        {
            "id": "100051451965796",
            "count": 0,
            "name": "Nguyễn hiệp🧸❤️‍🩹"
        },
        {
            "id": "100069091017023",
            "count": 0,
            "name": "Long Lỏ"
        },
        {
            "id": "100068096370437",
            "count": 4,
            "name": "Phạm Minh Đồng"
        },
        {
            "id": "100028548344383",
            "count": 0,
            "name": "Vịt Cuốn Bánh Tráng"
        },
        {
            "id": "100061285663625",
            "count": 0,
            "name": "Nguyễn Gia Đạt"
        },
        {
            "id": "832704028",
            "count": 0,
            "name": "Nguyễn Thanh Mài"
        },
        {
            "id": "61556013187606",
            "count": 0,
            "name": "Sói Tùng"
        },
        {
            "id": "100009193419033",
            "count": 0,
            "name": "Người dùng Facebook"
        },
        {
            "id": "100071768980176",
            "count": 0,
            "name": "Hoàng Xuân Thành ✓"
        },
        {
            "id": "100085073240621",
            "count": 1,
            "name": "Dang Gia Khanh"
        },
        {
            "id": "100064533063816",
            "count": 0,
            "name": "Lê Bảo Vy"
        },
        {
            "id": "100011950817290",
            "count": 0,
            "name": "Lâm Hào"
        },
        {
            "id": "100094662740975",
            "count": 0,
            "name": "𓂄𓆩𑁍𓆪𓂁 Biết Đâu Những Cơn Say Đầu Đời Này 𓆤 Phải Khóc Cho Đến Hôm Nay 𓃰 Hẹn Ước Chi Thế Em Ơi Giờ Phải Vậy 𓆤 Gửi Gió Nỗi Nhớ Bay Bay 𓃶 Nhìn Hoàng Hôn Kia Còn Mang Em Đi Xa Anh 𓃗 Thêm Bao Nhiêu Lâu Nữa Sẽ Trả Về 𓆲 Đừng Có Như Vậy 𓆣 Dặn Lòng Đừng Khóc Như Vậy 𓃬 Mà Đời Đâu Như Anh Mơ 𓆉 Đâu Như Anh Mơ 𓂄𓆩𑁍𓆪𓂁𝓣𝓻𝓪̂̀𝓷 𝓧𝓾𝓪̂𝓷 𝓜𝓲𝓷𝓱 𓂄𓆩"
        },
        {
            "id": "100001837873386",
            "count": 0,
            "name": "Trần Thị Kim Anh"
        },
        {
            "id": "100065341442758",
            "count": 0,
            "name": "Chip Cte"
        },
        {
            "id": "100091548416971",
            "count": 6,
            "name": "Trần Văn Tân"
        },
        {
            "id": "100079827743922",
            "count": 0,
            "name": "Cao Tiến Thành"
        },
        {
            "id": "100028339601775",
            "count": 0,
            "name": "Phạm Đăng Đức"
        },
        {
            "id": "61554167256267",
            "count": 1,
            "name": "Eiji Furiko"
        },
        {
            "id": "100053800224181",
            "count": 0,
            "name": "Nguyễn Thanh Phúc"
        },
        {
            "id": "100074007695250",
            "count": 0,
            "name": "Đào Trườngg✌️❤️‍🩹"
        },
        {
            "id": "100069864945865",
            "count": 0,
            "name": "Đặng Văn Lịnh"
        },
        {
            "id": "100088286371303",
            "count": 0,
            "name": "Hoàng Gia Bảo"
        },
        {
            "id": "100038946913086",
            "count": 0,
            "name": "Nguyễn Thành Đạt"
        },
        {
            "id": "100031187958162",
            "count": 0,
            "name": "Xuan Tuyen"
        },
        {
            "id": "100089560755228",
            "count": 0,
            "name": "Xuan Tuyen"
        },
        {
            "id": "100078644937656",
            "count": 0,
            "name": "Nguyễn Văn Kiên"
        },
        {
            "id": "61551063459752",
            "count": 0,
            "name": "Người dùng Facebook"
        },
        {
            "id": "100029378752728",
            "count": 0,
            "name": "Người dùng facebook"
        },
        {
            "id": "61556248285966",
            "count": 0,
            "name": "Đặng Ly"
        },
        {
            "id": "100062426421455",
            "count": 0,
            "name": "𓇻 𝑵𝒈𝒖𝒚𝒆̂̃𝒏 𝑻𝒉𝒂𝒏𝒉 𝑴𝒂̀𝒊 3:)"
        },
        {
            "id": "100095329730145",
            "count": 0,
            "name": "An An"
        },
        {
            "id": "61554817702217",
            "count": 0,
            "name": "Duy Pham"
        },
        {
            "id": "61553462440472",
            "count": 0,
            "name": "Người dùng facebook"
        },
        {
            "id": "100041525962672",
            "count": 0,
            "name": "Phước Lộc"
        },
        {
            "id": "100075493308135",
            "count": 0,
            "name": "Nguyễn Lâm"
        },
        {
            "id": "100074278195157",
            "count": 2,
            "name": "𝒒𝒖𝒐𝒄 𝒅𝒖𝒚 𝒗𝒂 𝒏𝒉𝒖𝒏𝒈 𝒏𝒐𝒊 𝒃𝒖𝒐𝒏"
        },
        {
            "id": "61550726037530",
            "count": 0,
            "name": "Aww Duy"
        },
        {
            "id": "100094884761715",
            "count": 0,
            "name": "ۦۦ🐣"
        },
        {
            "id": "100091627916764",
            "count": 3,
            "name": "Lynhʚ ɞCuti"
        },
        {
            "id": "61555033504192",
            "count": 0,
            "name": "Ngueyenne Dat"
        },
        {
            "id": "61556258041932",
            "count": 4,
            "name": "Huyen Huyen"
        }
    ],
    "day": [
        {
            "id": "100090168070553",
            "count": 0,
            "name": "Người dùng facebook"
        },
        {
            "id": "100092744481406",
            "count": 0,
            "name": "Người dùng facebook"
        },
        {
            "id": "100038791595043",
            "count": 0,
            "name": "Người dùng facebook"
        },
        {
            "id": "100090260659479",
            "count": 0,
            "name": "Người dùng facebook"
        },
        {
            "id": "100022448225417",
            "count": 0,
            "name": "Người dùng facebook"
        },
        {
            "id": "100051451965796",
            "count": 0,
            "name": "Người dùng facebook"
        },
        {
            "id": "100069091017023",
            "count": 0,
            "name": "Người dùng facebook"
        },
        {
            "id": "100068096370437",
            "count": 0,
            "name": "Phạm Minh Đồng"
        },
        {
            "id": "100028548344383",
            "count": 0,
            "name": "Người dùng facebook"
        },
        {
            "id": "100061285663625",
            "count": 0,
            "name": "Người dùng facebook"
        },
        {
            "id": "832704028",
            "count": 0,
            "name": "Người dùng facebook"
        },
        {
            "id": "61556013187606",
            "count": 0,
            "name": "Người dùng facebook"
        },
        {
            "id": "100009193419033",
            "count": 0,
            "name": "Người dùng facebook"
        },
        {
            "id": "100071768980176",
            "count": 0,
            "name": "Người dùng facebook"
        },
        {
            "id": "100085073240621",
            "count": 0,
            "name": "Người dùng facebook"
        },
        {
            "id": "100064533063816",
            "count": 0,
            "name": "Người dùng facebook"
        },
        {
            "id": "100011950817290",
            "count": 0,
            "name": "Người dùng facebook"
        },
        {
            "id": "100094662740975",
            "count": 0,
            "name": "Người dùng facebook"
        },
        {
            "id": "100001837873386",
            "count": 0,
            "name": "Trần Thị Kim Anh"
        },
        {
            "id": "100065341442758",
            "count": 0,
            "name": "Người dùng facebook"
        },
        {
            "id": "100091548416971",
            "count": 0,
            "name": "Người dùng facebook"
        },
        {
            "id": "100079827743922",
            "count": 0,
            "name": "Người dùng facebook"
        },
        {
            "id": "100028339601775",
            "count": 0,
            "name": "Người dùng facebook"
        },
        {
            "id": "61554167256267",
            "count": 0,
            "name": "Người dùng facebook"
        },
        {
            "id": "100053800224181",
            "count": 0,
            "name": "Người dùng facebook"
        },
        {
            "id": "100074007695250",
            "count": 0,
            "name": "Người dùng facebook"
        },
        {
            "id": "100069864945865",
            "count": 0,
            "name": "Người dùng facebook"
        },
        {
            "id": "100088286371303",
            "count": 0,
            "name": "Người dùng facebook"
        },
        {
            "id": "100038946913086",
            "count": 0,
            "name": "Người dùng facebook"
        },
        {
            "id": "100031187958162",
            "count": 0,
            "name": "Người dùng facebook"
        },
        {
            "id": "100089560755228",
            "count": 0,
            "name": "Người dùng facebook"
        },
        {
            "id": "100078644937656",
            "count": 0,
            "name": "Người dùng facebook"
        },
        {
            "id": "61551063459752",
            "count": 0,
            "name": "Người dùng facebook"
        },
        {
            "id": "100029378752728",
            "count": 0,
            "name": "Người dùng facebook"
        },
        {
            "id": "61556248285966",
            "count": 0,
            "name": "Người dùng facebook"
        },
        {
            "id": "100062426421455",
            "count": 0,
            "name": "Người dùng facebook"
        },
        {
            "id": "100095329730145",
            "count": 0,
            "name": "Người dùng facebook"
        },
        {
            "id": "61554817702217",
            "count": 0,
            "name": "Người dùng facebook"
        },
        {
            "id": "61553462440472",
            "count": 0,
            "name": "Người dùng facebook"
        },
        {
            "id": "100041525962672",
            "count": 0,
            "name": "Người dùng facebook"
        },
        {
            "id": "100075493308135",
            "count": 0,
            "name": "Người dùng facebook"
        },
        {
            "id": "100074278195157",
            "count": 0,
            "name": "Người dùng facebook"
        },
        {
            "id": "61550726037530",
            "count": 0,
            "name": "Người dùng facebook"
        },
        {
            "id": "100094884761715",
            "count": 0,
            "name": "Người dùng facebook"
        },
        {
            "id": "100091627916764",
            "count": 0,
            "name": "Người dùng facebook"
        },
        {
            "id": "61555033504192",
            "count": 0,
            "name": "Người dùng facebook"
        },
        {
            "id": "61556258041932",
            "count": 0,
            "name": "Người dùng facebook"
        }
    ],
    "time": 6,
    "last": {
        "time": 4,
        "day": [
            {
                "id": "100090168070553",
                "count": 0
            },
            {
                "id": "100092744481406",
                "count": 0
            },
            {
                "id": "100038791595043",
                "count": 0
            },
            {
                "id": "100090260659479",
                "count": 0
            },
            {
                "id": "100022448225417",
                "count": 0
            },
            {
                "id": "100051451965796",
                "count": 0
            },
            {
                "id": "100069091017023",
                "count": 0
            },
            {
                "id": "100068096370437",
                "count": 0
            },
            {
                "id": "100028548344383",
                "count": 0
            },
            {
                "id": "100061285663625",
                "count": 0
            },
            {
                "id": "832704028",
                "count": 0
            },
            {
                "id": "100050671301677",
                "count": 0
            },
            {
                "id": "61556013187606",
                "count": 0
            },
            {
                "id": "100009193419033",
                "count": 0
            },
            {
                "id": "100071768980176",
                "count": 0
            },
            {
                "id": "100085073240621",
                "count": 0
            },
            {
                "id": "100064533063816",
                "count": 0
            },
            {
                "id": "100011950817290",
                "count": 0
            },
            {
                "id": "100092719975255",
                "count": 0
            },
            {
                "id": "100094662740975",
                "count": 0
            },
            {
                "id": "100001837873386",
                "count": 0
            },
            {
                "id": "61556258041932",
                "count": 0
            },
            {
                "id": "61556338649076",
                "count": 0
            },
            {
                "id": "100065341442758",
                "count": 0
            },
            {
                "id": "100091548416971",
                "count": 0
            },
            {
                "id": "61551251459640",
                "count": 0
            },
            {
                "id": "100079827743922",
                "count": 0
            },
            {
                "id": "100028339601775",
                "count": 0
            },
            {
                "id": "100058149848731",
                "count": 0
            },
            {
                "id": "100001652922374",
                "count": 0
            },
            {
                "id": "61554167256267",
                "count": 0
            },
            {
                "id": "100053800224181",
                "count": 0
            },
            {
                "id": "100074007695250",
                "count": 0
            },
            {
                "id": "100069864945865",
                "count": 0
            },
            {
                "id": "100088286371303",
                "count": 0
            },
            {
                "id": "100038946913086",
                "count": 0
            },
            {
                "id": "100031187958162",
                "count": 0
            },
            {
                "id": "100089560755228",
                "count": 0
            },
            {
                "id": "100078644937656",
                "count": 0
            },
            {
                "id": "61551063459752",
                "count": 0
            },
            {
                "id": "100077424804636",
                "count": 0
            },
            {
                "id": "100029378752728",
                "count": 0
            },
            {
                "id": "61556248285966",
                "count": 0
            },
            {
                "id": "100017907248834",
                "count": 0
            },
            {
                "id": "100062426421455",
                "count": 0
            },
            {
                "id": "100095329730145",
                "count": 0
            },
            {
                "id": "61554817702217",
                "count": 0
            },
            {
                "id": "61553462440472",
                "count": 0
            },
            {
                "id": "100077479131622",
                "count": 0
            },
            {
                "id": "100041525962672",
                "count": 0
            },
            {
                "id": "100092741461510",
                "count": 0
            },
            {
                "id": "100067838026161",
                "count": 0
            },
            {
                "id": "100075493308135",
                "count": 0
            },
            {
                "id": "100074278195157",
                "count": 0
            },
            {
                "id": "61550726037530",
                "count": 0
            },
            {
                "id": "100094884761715",
                "count": 0
            },
            {
                "id": "100091627916764",
                "count": 0
            },
            {
                "id": "61555033504192",
                "count": 0
            },
            {
                "id": "61556125697165",
                "count": 0
            }
        ],
        "week": [
            {
                "id": "100090168070553",
                "count": 0
            },
            {
                "id": "100092744481406",
                "count": 0
            },
            {
                "id": "100038791595043",
                "count": 0
            },
            {
                "id": "100090260659479",
                "count": 0
            },
            {
                "id": "100022448225417",
                "count": 0
            },
            {
                "id": "100051451965796",
                "count": 0
            },
            {
                "id": "100069091017023",
                "count": 0
            },
            {
                "id": "100068096370437",
                "count": 0
            },
            {
                "id": "100028548344383",
                "count": 0
            },
            {
                "id": "100061285663625",
                "count": 0
            },
            {
                "id": "832704028",
                "count": 0
            },
            {
                "id": "100050671301677",
                "count": 0
            },
            {
                "id": "61556013187606",
                "count": 0
            },
            {
                "id": "100009193419033",
                "count": 0
            },
            {
                "id": "100071768980176",
                "count": 0
            },
            {
                "id": "100085073240621",
                "count": 0
            },
            {
                "id": "100064533063816",
                "count": 0
            },
            {
                "id": "100011950817290",
                "count": 0
            },
            {
                "id": "100092719975255",
                "count": 0
            },
            {
                "id": "100094662740975",
                "count": 0
            },
            {
                "id": "100001837873386",
                "count": 0
            },
            {
                "id": "61556258041932",
                "count": 0
            },
            {
                "id": "61556338649076",
                "count": 0
            },
            {
                "id": "100065341442758",
                "count": 0
            },
            {
                "id": "100091548416971",
                "count": 0
            },
            {
                "id": "61551251459640",
                "count": 0
            },
            {
                "id": "100079827743922",
                "count": 0
            },
            {
                "id": "100028339601775",
                "count": 0
            },
            {
                "id": "100058149848731",
                "count": 0
            },
            {
                "id": "100001652922374",
                "count": 0
            },
            {
                "id": "61554167256267",
                "count": 0
            },
            {
                "id": "100053800224181",
                "count": 0
            },
            {
                "id": "100074007695250",
                "count": 0
            },
            {
                "id": "100069864945865",
                "count": 0
            },
            {
                "id": "100088286371303",
                "count": 0
            },
            {
                "id": "100038946913086",
                "count": 0
            },
            {
                "id": "100031187958162",
                "count": 0
            },
            {
                "id": "100089560755228",
                "count": 0
            },
            {
                "id": "100078644937656",
                "count": 0
            },
            {
                "id": "61551063459752",
                "count": 0
            },
            {
                "id": "100077424804636",
                "count": 0
            },
            {
                "id": "100029378752728",
                "count": 0
            },
            {
                "id": "61556248285966",
                "count": 0
            },
            {
                "id": "100017907248834",
                "count": 0
            },
            {
                "id": "100062426421455",
                "count": 0
            },
            {
                "id": "100095329730145",
                "count": 0
            },
            {
                "id": "61554817702217",
                "count": 0
            },
            {
                "id": "61553462440472",
                "count": 0
            },
            {
                "id": "100077479131622",
                "count": 0
            },
            {
                "id": "100041525962672",
                "count": 0
            },
            {
                "id": "100092741461510",
                "count": 0
            },
            {
                "id": "100067838026161",
                "count": 0
            },
            {
                "id": "100075493308135",
                "count": 0
            },
            {
                "id": "100074278195157",
                "count": 0
            },
            {
                "id": "61550726037530",
                "count": 0
            },
            {
                "id": "100094884761715",
                "count": 0
            },
            {
                "id": "100091627916764",
                "count": 0
            },
            {
                "id": "61555033504192",
                "count": 0
            },
            {
                "id": "61556125697165",
                "count": 0
            }
        ]
    }
}