{
    "total": [
        {
            "id": "100062341312604",
            "count": 0
        },
        {
            "id": "100084318477582",
            "count": 0
        },
        {
            "id": "100057127720915",
            "count": 0
        },
        {
            "id": "100093950846384",
            "count": 0
        },
        {
            "id": "100030042038934",
            "count": 0
        },
        {
            "id": "100074525357785",
            "count": 0
        },
        {
            "id": "100072002051378",
            "count": 0
        },
        {
            "id": "100027986736674",
            "count": 0
        },
        {
            "id": "61559904095776",
            "count": 0
        },
        {
            "id": "100087440694330",
            "count": 0
        },
        {
            "id": "100094625243793",
            "count": 0
        },
        {
            "id": "100079260870612",
            "count": 0
        },
        {
            "id": "100037431829253",
            "count": 0
        },
        {
            "id": "100076498894688",
            "count": 0
        },
        {
            "id": "61553631123655",
            "count": 0
        },
        {
            "id": "100080014853258",
            "count": 2
        },
        {
            "id": "100038369886027",
            "count": 0
        },
        {
            "id": "61562684117020",
            "count": 0
        },
        {
            "id": "100033492260273",
            "count": 0
        },
        {
            "id": "100086557124588",
            "count": 0
        },
        {
            "id": "100046194132744",
            "count": 15
        },
        {
            "id": "100089240563401",
            "count": 0
        },
        {
            "id": "100022820303634",
            "count": 0
        },
        {
            "id": "100066437016065",
            "count": 0
        },
        {
            "id": "100074019020031",
            "count": 0
        },
        {
            "id": "100013096598537",
            "count": 0
        },
        {
            "id": "100044577623449",
            "count": 0
        },
        {
            "id": "100077049232270",
            "count": 0
        },
        {
            "id": "100093079177245",
            "count": 0
        },
        {
            "id": "61556997244701",
            "count": 4
        },
        {
            "id": "100038275950496",
            "count": 0
        },
        {
            "id": "61561518585455",
            "count": 0
        },
        {
            "id": "61558191386085",
            "count": 0
        },
        {
            "id": "100052132672311",
            "count": 0
        },
        {
            "id": "100070819382775",
            "count": 6
        },
        {
            "id": "61558409195241",
            "count": 1
        },
        {
            "id": "100090596475228",
            "count": 0
        },
        {
            "id": "100063274163960",
            "count": 0
        },
        {
            "id": "61558820510828",
            "count": 0
        },
        {
            "id": "100084225200116",
            "count": 1
        },
        {
            "id": "61561334992456",
            "count": 0
        },
        {
            "id": "100094453145225",
            "count": 0
        },
        {
            "id": "100093284960552",
            "count": 1
        },
        {
            "id": "100030684320456",
            "count": 0
        },
        {
            "id": "100072411200255",
            "count": 0
        },
        {
            "id": "61562124681837",
            "count": 5
        }
    ],
    "week": [
        {
            "id": "100062341312604",
            "count": 0
        },
        {
            "id": "100084318477582",
            "count": 0
        },
        {
            "id": "100057127720915",
            "count": 0
        },
        {
            "id": "100093950846384",
            "count": 0
        },
        {
            "id": "100030042038934",
            "count": 0
        },
        {
            "id": "100074525357785",
            "count": 0
        },
        {
            "id": "100072002051378",
            "count": 0
        },
        {
            "id": "100027986736674",
            "count": 0
        },
        {
            "id": "61559904095776",
            "count": 0
        },
        {
            "id": "100087440694330",
            "count": 0
        },
        {
            "id": "100094625243793",
            "count": 0
        },
        {
            "id": "100079260870612",
            "count": 0
        },
        {
            "id": "100037431829253",
            "count": 0
        },
        {
            "id": "100076498894688",
            "count": 0
        },
        {
            "id": "61553631123655",
            "count": 0
        },
        {
            "id": "100080014853258",
            "count": 2
        },
        {
            "id": "100038369886027",
            "count": 0
        },
        {
            "id": "61562684117020",
            "count": 0
        },
        {
            "id": "100033492260273",
            "count": 0
        },
        {
            "id": "100086557124588",
            "count": 0
        },
        {
            "id": "100046194132744",
            "count": 15
        },
        {
            "id": "100089240563401",
            "count": 0
        },
        {
            "id": "100022820303634",
            "count": 0
        },
        {
            "id": "100066437016065",
            "count": 0
        },
        {
            "id": "100074019020031",
            "count": 0
        },
        {
            "id": "100013096598537",
            "count": 0
        },
        {
            "id": "100044577623449",
            "count": 0
        },
        {
            "id": "100077049232270",
            "count": 0
        },
        {
            "id": "100093079177245",
            "count": 0
        },
        {
            "id": "61556997244701",
            "count": 4
        },
        {
            "id": "100038275950496",
            "count": 0
        },
        {
            "id": "61561518585455",
            "count": 0
        },
        {
            "id": "61558191386085",
            "count": 0
        },
        {
            "id": "100052132672311",
            "count": 0
        },
        {
            "id": "100070819382775",
            "count": 6
        },
        {
            "id": "61558409195241",
            "count": 1
        },
        {
            "id": "100090596475228",
            "count": 0
        },
        {
            "id": "100063274163960",
            "count": 0
        },
        {
            "id": "61558820510828",
            "count": 0
        },
        {
            "id": "100084225200116",
            "count": 1
        },
        {
            "id": "61561334992456",
            "count": 0
        },
        {
            "id": "100094453145225",
            "count": 0
        },
        {
            "id": "100093284960552",
            "count": 1
        },
        {
            "id": "100030684320456",
            "count": 0
        },
        {
            "id": "100072411200255",
            "count": 0
        },
        {
            "id": "61562124681837",
            "count": 5
        }
    ],
    "day": [
        {
            "id": "100062341312604",
            "count": 0
        },
        {
            "id": "100084318477582",
            "count": 0
        },
        {
            "id": "100057127720915",
            "count": 0
        },
        {
            "id": "100093950846384",
            "count": 0
        },
        {
            "id": "100030042038934",
            "count": 0
        },
        {
            "id": "100074525357785",
            "count": 0
        },
        {
            "id": "100072002051378",
            "count": 0
        },
        {
            "id": "100027986736674",
            "count": 0
        },
        {
            "id": "61559904095776",
            "count": 0
        },
        {
            "id": "100087440694330",
            "count": 0
        },
        {
            "id": "100094625243793",
            "count": 0
        },
        {
            "id": "100079260870612",
            "count": 0
        },
        {
            "id": "100037431829253",
            "count": 0
        },
        {
            "id": "100076498894688",
            "count": 0
        },
        {
            "id": "61553631123655",
            "count": 0
        },
        {
            "id": "100080014853258",
            "count": 2
        },
        {
            "id": "100038369886027",
            "count": 0
        },
        {
            "id": "61562684117020",
            "count": 0
        },
        {
            "id": "100033492260273",
            "count": 0
        },
        {
            "id": "100086557124588",
            "count": 0
        },
        {
            "id": "100046194132744",
            "count": 15
        },
        {
            "id": "100089240563401",
            "count": 0
        },
        {
            "id": "100022820303634",
            "count": 0
        },
        {
            "id": "100066437016065",
            "count": 0
        },
        {
            "id": "100074019020031",
            "count": 0
        },
        {
            "id": "100013096598537",
            "count": 0
        },
        {
            "id": "100044577623449",
            "count": 0
        },
        {
            "id": "100077049232270",
            "count": 0
        },
        {
            "id": "100093079177245",
            "count": 0
        },
        {
            "id": "61556997244701",
            "count": 4
        },
        {
            "id": "100038275950496",
            "count": 0
        },
        {
            "id": "61561518585455",
            "count": 0
        },
        {
            "id": "61558191386085",
            "count": 0
        },
        {
            "id": "100052132672311",
            "count": 0
        },
        {
            "id": "100070819382775",
            "count": 6
        },
        {
            "id": "61558409195241",
            "count": 1
        },
        {
            "id": "100090596475228",
            "count": 0
        },
        {
            "id": "100063274163960",
            "count": 0
        },
        {
            "id": "61558820510828",
            "count": 0
        },
        {
            "id": "100084225200116",
            "count": 1
        },
        {
            "id": "61561334992456",
            "count": 0
        },
        {
            "id": "100094453145225",
            "count": 0
        },
        {
            "id": "100093284960552",
            "count": 1
        },
        {
            "id": "100030684320456",
            "count": 0
        },
        {
            "id": "100072411200255",
            "count": 0
        },
        {
            "id": "61562124681837",
            "count": 5
        }
    ],
    "time": 6,
    "last": {
        "time": 5,
        "day": [
            {
                "id": "100062341312604",
                "count": 0
            },
            {
                "id": "100084318477582",
                "count": 0
            },
            {
                "id": "100057127720915",
                "count": 0
            },
            {
                "id": "100093950846384",
                "count": 0
            },
            {
                "id": "100030042038934",
                "count": 0
            },
            {
                "id": "100074525357785",
                "count": 0
            },
            {
                "id": "100072002051378",
                "count": 0
            },
            {
                "id": "100027986736674",
                "count": 0
            },
            {
                "id": "61559904095776",
                "count": 0
            },
            {
                "id": "100087440694330",
                "count": 0
            },
            {
                "id": "100094625243793",
                "count": 0
            },
            {
                "id": "100079260870612",
                "count": 0
            },
            {
                "id": "100037431829253",
                "count": 0
            },
            {
                "id": "100076498894688",
                "count": 0
            },
            {
                "id": "61553631123655",
                "count": 0
            },
            {
                "id": "100080014853258",
                "count": 0
            },
            {
                "id": "100038369886027",
                "count": 0
            },
            {
                "id": "61562684117020",
                "count": 0
            },
            {
                "id": "100033492260273",
                "count": 0
            },
            {
                "id": "100086557124588",
                "count": 0
            },
            {
                "id": "100046194132744",
                "count": 0
            },
            {
                "id": "100089240563401",
                "count": 0
            },
            {
                "id": "100022820303634",
                "count": 0
            },
            {
                "id": "100066437016065",
                "count": 0
            },
            {
                "id": "100074019020031",
                "count": 0
            },
            {
                "id": "100013096598537",
                "count": 0
            },
            {
                "id": "100044577623449",
                "count": 0
            },
            {
                "id": "100077049232270",
                "count": 0
            },
            {
                "id": "100093079177245",
                "count": 0
            },
            {
                "id": "61556997244701",
                "count": 0
            },
            {
                "id": "100038275950496",
                "count": 0
            },
            {
                "id": "61561518585455",
                "count": 0
            },
            {
                "id": "61558191386085",
                "count": 0
            },
            {
                "id": "100052132672311",
                "count": 0
            },
            {
                "id": "100070819382775",
                "count": 0
            },
            {
                "id": "61558409195241",
                "count": 0
            },
            {
                "id": "100090596475228",
                "count": 0
            },
            {
                "id": "100063274163960",
                "count": 0
            },
            {
                "id": "61558820510828",
                "count": 0
            },
            {
                "id": "100084225200116",
                "count": 0
            },
            {
                "id": "61561334992456",
                "count": 0
            },
            {
                "id": "100094453145225",
                "count": 0
            },
            {
                "id": "100093284960552",
                "count": 0
            },
            {
                "id": "100030684320456",
                "count": 0
            },
            {
                "id": "100072411200255",
                "count": 0
            },
            {
                "id": "61562124681837",
                "count": 0
            }
        ],
        "week": [
            {
                "id": "100062341312604",
                "count": 0
            },
            {
                "id": "100084318477582",
                "count": 0
            },
            {
                "id": "100057127720915",
                "count": 0
            },
            {
                "id": "100093950846384",
                "count": 0
            },
            {
                "id": "100030042038934",
                "count": 0
            },
            {
                "id": "100074525357785",
                "count": 0
            },
            {
                "id": "100072002051378",
                "count": 0
            },
            {
                "id": "100027986736674",
                "count": 0
            },
            {
                "id": "61559904095776",
                "count": 0
            },
            {
                "id": "100087440694330",
                "count": 0
            },
            {
                "id": "100094625243793",
                "count": 0
            },
            {
                "id": "100079260870612",
                "count": 0
            },
            {
                "id": "100037431829253",
                "count": 0
            },
            {
                "id": "100076498894688",
                "count": 0
            },
            {
                "id": "61553631123655",
                "count": 0
            },
            {
                "id": "100080014853258",
                "count": 0
            },
            {
                "id": "100038369886027",
                "count": 0
            },
            {
                "id": "61562684117020",
                "count": 0
            },
            {
                "id": "100033492260273",
                "count": 0
            },
            {
                "id": "100086557124588",
                "count": 0
            },
            {
                "id": "100046194132744",
                "count": 0
            },
            {
                "id": "100089240563401",
                "count": 0
            },
            {
                "id": "100022820303634",
                "count": 0
            },
            {
                "id": "100066437016065",
                "count": 0
            },
            {
                "id": "100074019020031",
                "count": 0
            },
            {
                "id": "100013096598537",
                "count": 0
            },
            {
                "id": "100044577623449",
                "count": 0
            },
            {
                "id": "100077049232270",
                "count": 0
            },
            {
                "id": "100093079177245",
                "count": 0
            },
            {
                "id": "61556997244701",
                "count": 0
            },
            {
                "id": "100038275950496",
                "count": 0
            },
            {
                "id": "61561518585455",
                "count": 0
            },
            {
                "id": "61558191386085",
                "count": 0
            },
            {
                "id": "100052132672311",
                "count": 0
            },
            {
                "id": "100070819382775",
                "count": 0
            },
            {
                "id": "61558409195241",
                "count": 0
            },
            {
                "id": "100090596475228",
                "count": 0
            },
            {
                "id": "100063274163960",
                "count": 0
            },
            {
                "id": "61558820510828",
                "count": 0
            },
            {
                "id": "100084225200116",
                "count": 0
            },
            {
                "id": "61561334992456",
                "count": 0
            },
            {
                "id": "100094453145225",
                "count": 0
            },
            {
                "id": "100093284960552",
                "count": 0
            },
            {
                "id": "100030684320456",
                "count": 0
            },
            {
                "id": "100072411200255",
                "count": 0
            },
            {
                "id": "61562124681837",
                "count": 0
            }
        ]
    }
}