{
    "total": [
        {
            "id": "100079057594268",
            "count": 92
        },
        {
            "id": "100028155132311",
            "count": 5
        },
        {
            "id": "100048377017280",
            "count": 0
        },
        {
            "id": "100079854446202",
            "count": 0
        },
        {
            "id": "100035251842433",
            "count": 143
        },
        {
            "id": "100024800350947",
            "count": 1
        },
        {
            "id": "100009624408776",
            "count": 43
        },
        {
            "id": "100040389870664",
            "count": 2
        },
        {
            "id": "100060248237588",
            "count": 0
        },
        {
            "id": "100013968438746",
            "count": 26
        },
        {
            "id": "100047112712332",
            "count": 345
        },
        {
            "id": "100073989390751",
            "count": 167
        },
        {
            "id": "100081967252337",
            "count": 27
        },
        {
            "id": "100058305470967",
            "count": 0
        },
        {
            "id": "100070959077834",
            "count": 12
        },
        {
            "id": "100054583526533",
            "count": 82
        },
        {
            "id": "100066157980292",
            "count": 0
        },
        {
            "id": "100040867392856",
            "count": 97
        },
        {
            "id": "100049014812402",
            "count": 6
        },
        {
            "id": "100093063233417",
            "count": 0
        },
        {
            "id": "100037465932663",
            "count": 2
        },
        {
            "id": "100009713618289",
            "count": 0
        },
        {
            "id": "100073984718974",
            "count": 66
        },
        {
            "id": "61554123763984",
            "count": 0
        },
        {
            "id": "100094992094907",
            "count": 0
        },
        {
            "id": "100063792464180",
            "count": 2
        },
        {
            "id": "100058086908864",
            "count": 0
        },
        {
            "id": "100052121801230",
            "count": 0
        },
        {
            "id": "100026454631482",
            "count": 0
        },
        {
            "id": "100087439158105",
            "count": 471
        },
        {
            "id": "100063552301009",
            "count": 0
        },
        {
            "id": "100071874287087",
            "count": 0
        },
        {
            "id": "100094907705541",
            "count": 0
        },
        {
            "id": "100051492276241",
            "count": 159
        },
        {
            "id": "100051923992971",
            "count": 0
        },
        {
            "id": "100068747042264",
            "count": 2
        },
        {
            "id": "100072961437245",
            "count": 0
        },
        {
            "id": "61554309310969",
            "count": 0
        },
        {
            "id": "100044460531960",
            "count": 6
        },
        {
            "id": "100012506893313",
            "count": 1
        },
        {
            "id": "100091920167921",
            "count": 0
        },
        {
            "id": "100095533960072",
            "count": 0
        },
        {
            "id": "100084432427899",
            "count": 64
        },
        {
            "id": "100006756064465",
            "count": 2
        },
        {
            "id": "100052943533888",
            "count": 2
        },
        {
            "id": "100051489631285",
            "count": 0
        },
        {
            "id": "100085214402994",
            "count": 0
        },
        {
            "id": "100060818116803",
            "count": 245
        },
        {
            "id": "100086382769205",
            "count": 0
        },
        {
            "id": "100077987981662",
            "count": 0
        },
        {
            "id": "100049155907328",
            "count": 1
        },
        {
            "id": "100043748568508",
            "count": 5
        },
        {
            "id": "100073937111109",
            "count": 1
        },
        {
            "id": "100069696182073",
            "count": 6
        },
        {
            "id": "100076624442848",
            "count": 49
        },
        {
            "id": "100009559368891",
            "count": 1
        },
        {
            "id": "100073096939730",
            "count": 0
        },
        {
            "id": "100089597676341",
            "count": 0
        },
        {
            "id": "100057261706661",
            "count": 0
        },
        {
            "id": "100034472143498",
            "count": 0
        },
        {
            "id": "100029692970927",
            "count": 0
        },
        {
            "id": "100067967845148",
            "count": 3
        },
        {
            "id": "100068096370437",
            "count": 2
        },
        {
            "id": "100010862646993",
            "count": 0
        },
        {
            "id": "100000710492810",
            "count": 0
        },
        {
            "id": "100015400172191",
            "count": 0
        },
        {
            "id": "100076894651006",
            "count": 0
        },
        {
            "id": "61554219531768",
            "count": 0
        },
        {
            "id": "100094664303262",
            "count": 0
        },
        {
            "id": "100089211030525",
            "count": 5
        },
        {
            "id": "100074766341950",
            "count": 33
        },
        {
            "id": "100035032087440",
            "count": 0
        },
        {
            "id": "100081440167731",
            "count": 0
        },
        {
            "id": "100061609802075",
            "count": 4
        },
        {
            "id": "61553873255230",
            "count": 0
        },
        {
            "id": "100055485773038",
            "count": 0
        },
        {
            "id": "100053176281139",
            "count": 1
        },
        {
            "id": "100076399151586",
            "count": 0
        },
        {
            "id": "100066877465785",
            "count": 0
        },
        {
            "id": "61551878699383",
            "count": 2
        },
        {
            "id": "100050693466842",
            "count": 1
        },
        {
            "id": "100082052067929",
            "count": 0
        },
        {
            "id": "100069290617464",
            "count": 15
        },
        {
            "id": "100086534678860",
            "count": 0
        },
        {
            "id": "100084820626325",
            "count": 121
        },
        {
            "id": "100091369863835",
            "count": 0
        },
        {
            "id": "100035838584235",
            "count": 51
        },
        {
            "id": "100072664434994",
            "count": 0
        },
        {
            "id": "100052792894654",
            "count": 135
        },
        {
            "id": "100060466542893",
            "count": 0
        },
        {
            "id": "100070153683885",
            "count": 4
        },
        {
            "id": "61550670676860",
            "count": 0
        },
        {
            "id": "100073839467145",
            "count": 7
        },
        {
            "id": "61550927970101",
            "count": 6
        },
        {
            "id": "100045937268560",
            "count": 0
        },
        {
            "id": "100045820672627",
            "count": 0
        },
        {
            "id": "100056040491795",
            "count": 228
        },
        {
            "id": "61550959404516",
            "count": 130
        },
        {
            "id": "61555471987398",
            "count": 1
        },
        {
            "id": "100008373421436",
            "count": 0
        },
        {
            "id": "100001837873386",
            "count": 0
        },
        {
            "id": "100052135840691",
            "count": 7
        },
        {
            "id": "100089733567687",
            "count": 0
        },
        {
            "id": "100009193419033",
            "count": 0
        },
        {
            "id": "100001838241327",
            "count": 0
        },
        {
            "id": "100073291000236",
            "count": 25
        },
        {
            "id": "61554791515294",
            "count": 0
        },
        {
            "id": "100085131947199",
            "count": 0
        },
        {
            "id": "100063600331393",
            "count": 140
        },
        {
            "id": "100081001323890",
            "count": 83
        },
        {
            "id": "100087900972456",
            "count": 0
        },
        {
            "id": "100023520814277",
            "count": 0
        },
        {
            "id": "100067054874277",
            "count": 0
        },
        {
            "id": "100017739332342",
            "count": 1
        },
        {
            "id": "100045627200992",
            "count": 0
        },
        {
            "id": "100075819620242",
            "count": 0
        },
        {
            "id": "100054484754901",
            "count": 161
        },
        {
            "id": "100075225877565",
            "count": 4
        },
        {
            "id": "100086163223882",
            "count": 0
        },
        {
            "id": "100078384853613",
            "count": 0
        },
        {
            "id": "100088890762275",
            "count": 638
        },
        {
            "id": "100079595294180",
            "count": 107
        },
        {
            "id": "61554508683887",
            "count": 0
        },
        {
            "id": "100085196277053",
            "count": 3
        },
        {
            "id": "100013025535230",
            "count": 1
        },
        {
            "id": "100088286101629",
            "count": 115
        },
        {
            "id": "100087059461836",
            "count": 0
        },
        {
            "id": "61553095863190",
            "count": 2
        },
        {
            "id": "100069940093931",
            "count": 0
        },
        {
            "id": "100038460912567",
            "count": 10
        },
        {
            "id": "100022627119785",
            "count": 1
        }
    ],
    "week": [
        {
            "id": "100079057594268",
            "count": 2,
            "name": "Trịnh Thành Tài"
        },
        {
            "id": "100028155132311",
            "count": 0,
            "name": "PN Dânn"
        },
        {
            "id": "100048377017280",
            "count": 0,
            "name": "Bé Bự"
        },
        {
            "id": "100079854446202",
            "count": 0,
            "name": "Phan Thị Huyền"
        },
        {
            "id": "100035251842433",
            "count": 11,
            "name": "Phan Thị Huyền"
        },
        {
            "id": "100024800350947",
            "count": 0,
            "name": "Trung Võ"
        },
        {
            "id": "100009624408776",
            "count": 4,
            "name": "Khắc Quang"
        },
        {
            "id": "100040389870664",
            "count": 0,
            "name": "Hùng Duy"
        },
        {
            "id": "100060248237588",
            "count": 0,
            "name": "Y NaRy Mlô"
        },
        {
            "id": "100013968438746",
            "count": 0,
            "name": "Bùi Việt Can"
        },
        {
            "id": "100047112712332",
            "count": 43,
            "name": "Dân Phạm"
        },
        {
            "id": "100073989390751",
            "count": 0,
            "name": "Trương Băng"
        },
        {
            "id": "100081967252337",
            "count": 27,
            "name": "Nguyễn Nam"
        },
        {
            "id": "100058305470967",
            "count": 0,
            "name": "Ngo Anh Thu"
        },
        {
            "id": "100070959077834",
            "count": 0,
            "name": "Ngoc Anh"
        },
        {
            "id": "100054583526533",
            "count": 28,
            "name": "Minh Đạt"
        },
        {
            "id": "100066157980292",
            "count": 0,
            "name": "Lý Thị Thanh"
        },
        {
            "id": "100040867392856",
            "count": 1,
            "name": "Vũ Minh Khoa"
        },
        {
            "id": "100049014812402",
            "count": 0,
            "name": "Minh Que"
        },
        {
            "id": "100093063233417",
            "count": 0,
            "name": "Thư Minh"
        },
        {
            "id": "100037465932663",
            "count": 2,
            "name": "Quốc Triệu"
        },
        {
            "id": "100009713618289",
            "count": 0,
            "name": "Thanh Lộc"
        },
        {
            "id": "100073984718974",
            "count": 16,
            "name": "Phạm Kiều Nhi"
        },
        {
            "id": "61554123763984",
            "count": 0,
            "name": "Hải Yến"
        },
        {
            "id": "100094992094907",
            "count": 0,
            "name": "Phúc Thuận"
        },
        {
            "id": "100063792464180",
            "count": 0,
            "name": "Phan Văn Bằng"
        },
        {
            "id": "100058086908864",
            "count": 0,
            "name": "Hoàng Duy"
        },
        {
            "id": "100052121801230",
            "count": 0,
            "name": "Đặng Như Quỳnh"
        },
        {
            "id": "100026454631482",
            "count": 0,
            "name": "Nguyễn Văn Nhân"
        },
        {
            "id": "100087439158105",
            "count": 58,
            "name": "Ring Botan"
        },
        {
            "id": "100063552301009",
            "count": 0,
            "name": "Nguyễn Bảo Minh Duyy"
        },
        {
            "id": "100071874287087",
            "count": 0,
            "name": "Đăng Duy"
        },
        {
            "id": "100094907705541",
            "count": 0,
            "name": "Đức Männlich"
        },
        {
            "id": "100051492276241",
            "count": 4,
            "name": "Phúc Thành"
        },
        {
            "id": "100051923992971",
            "count": 0,
            "name": "Bạch Thái Bảo"
        },
        {
            "id": "100068747042264",
            "count": 0,
            "name": "Lưu Hiếu"
        },
        {
            "id": "100072961437245",
            "count": 0,
            "name": "Tâm Minh"
        },
        {
            "id": "61554309310969",
            "count": 0,
            "name": "Minhh Đứcc"
        },
        {
            "id": "100044460531960",
            "count": 0,
            "name": "Nhat Minh"
        },
        {
            "id": "100012506893313",
            "count": 0,
            "name": "Hãy Tin Anh"
        },
        {
            "id": "100091920167921",
            "count": 0,
            "name": "Nam Lê"
        },
        {
            "id": "100095533960072",
            "count": 0,
            "name": "Khánh Ly"
        },
        {
            "id": "100084432427899",
            "count": 0,
            "name": "Huyền Huyền"
        },
        {
            "id": "100006756064465",
            "count": 0,
            "name": "Nguyễn Ngọc Huấn"
        },
        {
            "id": "100052943533888",
            "count": 2,
            "name": "Thanh Phu"
        },
        {
            "id": "100051489631285",
            "count": 0,
            "name": "Thặng Cóc"
        },
        {
            "id": "100085214402994",
            "count": 0,
            "name": "Tâm Lê Bé Gấu"
        },
        {
            "id": "100060818116803",
            "count": 22,
            "name": "Nguyen Minh"
        },
        {
            "id": "100086382769205",
            "count": 0,
            "name": "Đoàn Khải"
        },
        {
            "id": "100077987981662",
            "count": 0,
            "name": "Hải Đăng"
        },
        {
            "id": "100049155907328",
            "count": 0,
            "name": "Tiến Nguyễn"
        },
        {
            "id": "100043748568508",
            "count": 0,
            "name": "Nguyễn T. Tuấn"
        },
        {
            "id": "100073937111109",
            "count": 0,
            "name": "Thanh Sơn"
        },
        {
            "id": "100069696182073",
            "count": 0,
            "name": "Bé Nhi"
        },
        {
            "id": "100076624442848",
            "count": 0,
            "name": "Sony Võ"
        },
        {
            "id": "100009559368891",
            "count": 0,
            "name": "Vũ Phạm"
        },
        {
            "id": "100073096939730",
            "count": 0,
            "name": "Quân Nguyễnn"
        },
        {
            "id": "100089597676341",
            "count": 0,
            "name": "Tấn Phong"
        },
        {
            "id": "100057261706661",
            "count": 0,
            "name": "Phúc Hoạ Mii"
        },
        {
            "id": "100034472143498",
            "count": 0,
            "name": "Phương Nga"
        },
        {
            "id": "100029692970927",
            "count": 0,
            "name": "Lưu D.Minh Nhật"
        },
        {
            "id": "100067967845148",
            "count": 2,
            "name": "Dương Phúc Đồng"
        },
        {
            "id": "100068096370437",
            "count": 0,
            "name": "Phạm Minh Đồng"
        },
        {
            "id": "100010862646993",
            "count": 0,
            "name": "Lưu Hoàng"
        },
        {
            "id": "100000710492810",
            "count": 0,
            "name": "Người dùng Facebook"
        },
        {
            "id": "100015400172191",
            "count": 0,
            "name": "Zịt Hùng"
        },
        {
            "id": "100076894651006",
            "count": 0,
            "name": "Trọng Lợi"
        },
        {
            "id": "61554219531768",
            "count": 0,
            "name": "Lê Hiếu"
        },
        {
            "id": "100094664303262",
            "count": 0,
            "name": "An Thit Nguoi Lun"
        },
        {
            "id": "100089211030525",
            "count": 0,
            "name": "Khánh Duy"
        },
        {
            "id": "100074766341950",
            "count": 1,
            "name": "Trần Hoàng Bảo Châu"
        },
        {
            "id": "100035032087440",
            "count": 0,
            "name": "Thanh Tùng"
        },
        {
            "id": "100081440167731",
            "count": 0,
            "name": "Huỳnh Nguyên"
        },
        {
            "id": "100061609802075",
            "count": 0,
            "name": "Quàng Minh Hải"
        },
        {
            "id": "61553873255230",
            "count": 0,
            "name": "Khải Sìn"
        },
        {
            "id": "100055485773038",
            "count": 0,
            "name": "Nhật Linh"
        },
        {
            "id": "100053176281139",
            "count": 0,
            "name": "Đặng Duy Nam"
        },
        {
            "id": "100076399151586",
            "count": 0,
            "name": "Phạm Hữu Lợi"
        },
        {
            "id": "100066877465785",
            "count": 0,
            "name": "T. Phước"
        },
        {
            "id": "61551878699383",
            "count": 0,
            "name": "Hoàng Anh Truc"
        },
        {
            "id": "100050693466842",
            "count": 0,
            "name": "Lộc"
        },
        {
            "id": "100082052067929",
            "count": 0,
            "name": "Thặng Đường"
        },
        {
            "id": "100069290617464",
            "count": 0,
            "name": "Nguyễnn Tú"
        },
        {
            "id": "100086534678860",
            "count": 0,
            "name": "Thanh Lộc"
        },
        {
            "id": "100084820626325",
            "count": 113,
            "name": "勇敢"
        },
        {
            "id": "100091369863835",
            "count": 0,
            "name": "Trần Tùng"
        },
        {
            "id": "100035838584235",
            "count": 31,
            "name": "Phạm Quốc Khả"
        },
        {
            "id": "100072664434994",
            "count": 0,
            "name": "Kim Khánh Urumi"
        },
        {
            "id": "100052792894654",
            "count": 0,
            "name": "Tín Nguyễn"
        },
        {
            "id": "100060466542893",
            "count": 0,
            "name": "Thanh Lạc"
        },
        {
            "id": "100070153683885",
            "count": 0,
            "name": "LM Đẵngg"
        },
        {
            "id": "61550670676860",
            "count": 0,
            "name": "Hoàngg Vinhh"
        },
        {
            "id": "100073839467145",
            "count": 0,
            "name": "Lê Thành Công"
        },
        {
            "id": "61550927970101",
            "count": 6,
            "name": "Izumi Kazuto"
        },
        {
            "id": "100045937268560",
            "count": 0,
            "name": "Bảo Đặng"
        },
        {
            "id": "100045820672627",
            "count": 0,
            "name": "Trần Minh Nhã"
        },
        {
            "id": "100056040491795",
            "count": 0,
            "name": "Thuyy Tieen"
        },
        {
            "id": "61550959404516",
            "count": 5,
            "name": "Phong Tran"
        },
        {
            "id": "61555471987398",
            "count": 0,
            "name": "Kiều Thư"
        },
        {
            "id": "100008373421436",
            "count": 0,
            "name": "𝑷𝒉𝒂𝒎 𝑴𝒊𝒏𝒉 𝑫𝒐𝒏𝒈 𓅗"
        },
        {
            "id": "100001837873386",
            "count": 0,
            "name": "Trần Thị Kim Anh"
        },
        {
            "id": "100052135840691",
            "count": 0,
            "name": "Trương Hưng"
        },
        {
            "id": "100089733567687",
            "count": 0,
            "name": "Trung Vũ"
        },
        {
            "id": "100009193419033",
            "count": 0,
            "name": "Người dùng Facebook"
        },
        {
            "id": "100001838241327",
            "count": 0,
            "name": "Phương Anh Thị Trần"
        },
        {
            "id": "100073291000236",
            "count": 18,
            "name": "Tri Nguyễn"
        },
        {
            "id": "61554791515294",
            "count": 0,
            "name": "Nhi Tạ"
        },
        {
            "id": "100085131947199",
            "count": 0,
            "name": "Năng Nguyễn"
        },
        {
            "id": "100063600331393",
            "count": 0,
            "name": "Thanh Loc"
        },
        {
            "id": "100081001323890",
            "count": 37,
            "name": "Huỳnh Linh"
        },
        {
            "id": "100087900972456",
            "count": 0,
            "name": "Lê Đình Khánh Duy"
        },
        {
            "id": "100023520814277",
            "count": 0,
            "name": "Tạo Trần"
        },
        {
            "id": "100067054874277",
            "count": 0,
            "name": "Tuyên Tổ"
        },
        {
            "id": "100017739332342",
            "count": 0,
            "name": "Phạm Quốc Cường"
        },
        {
            "id": "100045627200992",
            "count": 0,
            "name": "Ng Đức Phú"
        },
        {
            "id": "100075819620242",
            "count": 0,
            "name": "Minh Bảo"
        },
        {
            "id": "100054484754901",
            "count": 37,
            "name": "Bảo Trân"
        },
        {
            "id": "100075225877565",
            "count": 4,
            "name": "Bé Rin Nè"
        },
        {
            "id": "100086163223882",
            "count": 0,
            "name": "Hoàng Thị K.Ly"
        },
        {
            "id": "100078384853613",
            "count": 0,
            "name": "Keen An"
        },
        {
            "id": "100088890762275",
            "count": 144,
            "name": "Đỗ Trung"
        },
        {
            "id": "100079595294180",
            "count": 4,
            "name": "Huỳnh Tâm"
        },
        {
            "id": "61554508683887",
            "count": 0,
            "name": "Nguyễnn Vinnh"
        },
        {
            "id": "100085196277053",
            "count": 0,
            "name": "Đức Trần"
        },
        {
            "id": "100013025535230",
            "count": 0,
            "name": "Nguyễn Anh Tú"
        },
        {
            "id": "100088286101629",
            "count": 0,
            "name": "TsNguyễn Đần"
        },
        {
            "id": "100087059461836",
            "count": 0,
            "name": "Hồng Phúc"
        },
        {
            "id": "61553095863190",
            "count": 0,
            "name": "あい い"
        },
        {
            "id": "100069940093931",
            "count": 0,
            "name": "Việt Khánh"
        },
        {
            "id": "100038460912567",
            "count": 0,
            "name": "Nguyễn Hữu Cường"
        },
        {
            "id": "100022627119785",
            "count": 0,
            "name": "Lê Vũ Hồng Nguyên"
        }
    ],
    "day": [
        {
            "id": "100079057594268",
            "count": 0,
            "name": "Người dùng facebook"
        },
        {
            "id": "100028155132311",
            "count": 0,
            "name": "Người dùng facebook"
        },
        {
            "id": "100048377017280",
            "count": 0,
            "name": "Người dùng facebook"
        },
        {
            "id": "100079854446202",
            "count": 0,
            "name": "Người dùng facebook"
        },
        {
            "id": "100035251842433",
            "count": 0,
            "name": "Người dùng facebook"
        },
        {
            "id": "100024800350947",
            "count": 0,
            "name": "Người dùng facebook"
        },
        {
            "id": "100009624408776",
            "count": 0,
            "name": "Người dùng facebook"
        },
        {
            "id": "100040389870664",
            "count": 0,
            "name": "Người dùng facebook"
        },
        {
            "id": "100060248237588",
            "count": 0,
            "name": "Người dùng facebook"
        },
        {
            "id": "100013968438746",
            "count": 0,
            "name": "Người dùng facebook"
        },
        {
            "id": "100047112712332",
            "count": 0,
            "name": "Người dùng facebook"
        },
        {
            "id": "100073989390751",
            "count": 0,
            "name": "Người dùng facebook"
        },
        {
            "id": "100081967252337",
            "count": 0,
            "name": "Người dùng facebook"
        },
        {
            "id": "100058305470967",
            "count": 0,
            "name": "Người dùng facebook"
        },
        {
            "id": "100070959077834",
            "count": 0,
            "name": "Người dùng facebook"
        },
        {
            "id": "100054583526533",
            "count": 0,
            "name": "Người dùng facebook"
        },
        {
            "id": "100066157980292",
            "count": 0,
            "name": "Người dùng facebook"
        },
        {
            "id": "100040867392856",
            "count": 0,
            "name": "Người dùng facebook"
        },
        {
            "id": "100049014812402",
            "count": 0,
            "name": "Người dùng facebook"
        },
        {
            "id": "100093063233417",
            "count": 0,
            "name": "Người dùng facebook"
        },
        {
            "id": "100037465932663",
            "count": 0,
            "name": "Người dùng facebook"
        },
        {
            "id": "100009713618289",
            "count": 0,
            "name": "Người dùng facebook"
        },
        {
            "id": "100073984718974",
            "count": 0,
            "name": "Người dùng facebook"
        },
        {
            "id": "61554123763984",
            "count": 0,
            "name": "Người dùng facebook"
        },
        {
            "id": "100094992094907",
            "count": 0,
            "name": "Người dùng facebook"
        },
        {
            "id": "100063792464180",
            "count": 0,
            "name": "Người dùng facebook"
        },
        {
            "id": "100058086908864",
            "count": 0,
            "name": "Người dùng facebook"
        },
        {
            "id": "100052121801230",
            "count": 0,
            "name": "Người dùng facebook"
        },
        {
            "id": "100026454631482",
            "count": 0,
            "name": "Người dùng facebook"
        },
        {
            "id": "100087439158105",
            "count": 0,
            "name": "Người dùng facebook"
        },
        {
            "id": "100063552301009",
            "count": 0,
            "name": "Người dùng facebook"
        },
        {
            "id": "100071874287087",
            "count": 0,
            "name": "Người dùng facebook"
        },
        {
            "id": "100094907705541",
            "count": 0,
            "name": "Người dùng facebook"
        },
        {
            "id": "100051492276241",
            "count": 0,
            "name": "Người dùng facebook"
        },
        {
            "id": "100051923992971",
            "count": 0,
            "name": "Người dùng facebook"
        },
        {
            "id": "100068747042264",
            "count": 0,
            "name": "Người dùng facebook"
        },
        {
            "id": "100072961437245",
            "count": 0,
            "name": "Người dùng facebook"
        },
        {
            "id": "61554309310969",
            "count": 0,
            "name": "Người dùng facebook"
        },
        {
            "id": "100044460531960",
            "count": 0,
            "name": "Người dùng facebook"
        },
        {
            "id": "100012506893313",
            "count": 0,
            "name": "Người dùng facebook"
        },
        {
            "id": "100091920167921",
            "count": 0,
            "name": "Người dùng facebook"
        },
        {
            "id": "100095533960072",
            "count": 0,
            "name": "Người dùng facebook"
        },
        {
            "id": "100084432427899",
            "count": 0,
            "name": "Người dùng facebook"
        },
        {
            "id": "100006756064465",
            "count": 0,
            "name": "Người dùng facebook"
        },
        {
            "id": "100052943533888",
            "count": 0,
            "name": "Người dùng facebook"
        },
        {
            "id": "100051489631285",
            "count": 0,
            "name": "Người dùng facebook"
        },
        {
            "id": "100085214402994",
            "count": 0,
            "name": "Người dùng facebook"
        },
        {
            "id": "100060818116803",
            "count": 0,
            "name": "Người dùng facebook"
        },
        {
            "id": "100086382769205",
            "count": 0,
            "name": "Người dùng facebook"
        },
        {
            "id": "100077987981662",
            "count": 0,
            "name": "Người dùng facebook"
        },
        {
            "id": "100049155907328",
            "count": 0,
            "name": "Người dùng facebook"
        },
        {
            "id": "100043748568508",
            "count": 0,
            "name": "Người dùng facebook"
        },
        {
            "id": "100073937111109",
            "count": 0,
            "name": "Người dùng facebook"
        },
        {
            "id": "100069696182073",
            "count": 0,
            "name": "Người dùng facebook"
        },
        {
            "id": "100076624442848",
            "count": 0,
            "name": "Người dùng facebook"
        },
        {
            "id": "100009559368891",
            "count": 0,
            "name": "Người dùng facebook"
        },
        {
            "id": "100073096939730",
            "count": 0,
            "name": "Người dùng facebook"
        },
        {
            "id": "100089597676341",
            "count": 0,
            "name": "Người dùng facebook"
        },
        {
            "id": "100057261706661",
            "count": 0,
            "name": "Người dùng facebook"
        },
        {
            "id": "100034472143498",
            "count": 0,
            "name": "Người dùng facebook"
        },
        {
            "id": "100029692970927",
            "count": 0,
            "name": "Người dùng facebook"
        },
        {
            "id": "100067967845148",
            "count": 0,
            "name": "Người dùng facebook"
        },
        {
            "id": "100068096370437",
            "count": 0,
            "name": "Phạm Minh Đồng"
        },
        {
            "id": "100010862646993",
            "count": 0,
            "name": "Người dùng facebook"
        },
        {
            "id": "100000710492810",
            "count": 0,
            "name": "Người dùng facebook"
        },
        {
            "id": "100015400172191",
            "count": 0,
            "name": "Người dùng facebook"
        },
        {
            "id": "100076894651006",
            "count": 0,
            "name": "Người dùng facebook"
        },
        {
            "id": "61554219531768",
            "count": 0,
            "name": "Người dùng facebook"
        },
        {
            "id": "100094664303262",
            "count": 0,
            "name": "Người dùng facebook"
        },
        {
            "id": "100089211030525",
            "count": 0,
            "name": "Người dùng facebook"
        },
        {
            "id": "100074766341950",
            "count": 0,
            "name": "Người dùng facebook"
        },
        {
            "id": "100035032087440",
            "count": 0,
            "name": "Người dùng facebook"
        },
        {
            "id": "100081440167731",
            "count": 0,
            "name": "Người dùng facebook"
        },
        {
            "id": "100061609802075",
            "count": 0,
            "name": "Người dùng facebook"
        },
        {
            "id": "61553873255230",
            "count": 0,
            "name": "Người dùng facebook"
        },
        {
            "id": "100055485773038",
            "count": 0,
            "name": "Người dùng facebook"
        },
        {
            "id": "100053176281139",
            "count": 0,
            "name": "Người dùng facebook"
        },
        {
            "id": "100076399151586",
            "count": 0,
            "name": "Người dùng facebook"
        },
        {
            "id": "100066877465785",
            "count": 0,
            "name": "Người dùng facebook"
        },
        {
            "id": "61551878699383",
            "count": 0,
            "name": "Người dùng facebook"
        },
        {
            "id": "100050693466842",
            "count": 0,
            "name": "Người dùng facebook"
        },
        {
            "id": "100082052067929",
            "count": 0,
            "name": "Người dùng facebook"
        },
        {
            "id": "100069290617464",
            "count": 0,
            "name": "Người dùng facebook"
        },
        {
            "id": "100086534678860",
            "count": 0,
            "name": "Người dùng facebook"
        },
        {
            "id": "100084820626325",
            "count": 0,
            "name": "Người dùng facebook"
        },
        {
            "id": "100091369863835",
            "count": 0,
            "name": "Người dùng facebook"
        },
        {
            "id": "100035838584235",
            "count": 0,
            "name": "Người dùng facebook"
        },
        {
            "id": "100072664434994",
            "count": 0,
            "name": "Người dùng facebook"
        },
        {
            "id": "100052792894654",
            "count": 0,
            "name": "Người dùng facebook"
        },
        {
            "id": "100060466542893",
            "count": 0,
            "name": "Người dùng facebook"
        },
        {
            "id": "100070153683885",
            "count": 0,
            "name": "Người dùng facebook"
        },
        {
            "id": "61550670676860",
            "count": 0,
            "name": "Người dùng facebook"
        },
        {
            "id": "100073839467145",
            "count": 0,
            "name": "Người dùng facebook"
        },
        {
            "id": "61550927970101",
            "count": 0,
            "name": "Người dùng facebook"
        },
        {
            "id": "100045937268560",
            "count": 0,
            "name": "Người dùng facebook"
        },
        {
            "id": "100045820672627",
            "count": 0,
            "name": "Người dùng facebook"
        },
        {
            "id": "100056040491795",
            "count": 0,
            "name": "Người dùng facebook"
        },
        {
            "id": "61550959404516",
            "count": 0,
            "name": "Người dùng facebook"
        },
        {
            "id": "61555471987398",
            "count": 0,
            "name": "Người dùng facebook"
        },
        {
            "id": "100008373421436",
            "count": 0,
            "name": "Người dùng Facebook"
        },
        {
            "id": "100001837873386",
            "count": 0,
            "name": "Trần Thị Kim Anh"
        },
        {
            "id": "100052135840691",
            "count": 0,
            "name": "Người dùng facebook"
        },
        {
            "id": "100089733567687",
            "count": 0,
            "name": "Người dùng facebook"
        },
        {
            "id": "100009193419033",
            "count": 0,
            "name": "Người dùng facebook"
        },
        {
            "id": "100001838241327",
            "count": 0,
            "name": "Phương Anh Thị Trần"
        },
        {
            "id": "100073291000236",
            "count": 0,
            "name": "Người dùng facebook"
        },
        {
            "id": "61554791515294",
            "count": 0,
            "name": "Người dùng facebook"
        },
        {
            "id": "100085131947199",
            "count": 0,
            "name": "Người dùng facebook"
        },
        {
            "id": "100063600331393",
            "count": 0,
            "name": "Người dùng facebook"
        },
        {
            "id": "100081001323890",
            "count": 0,
            "name": "Người dùng facebook"
        },
        {
            "id": "100087900972456",
            "count": 0,
            "name": "Người dùng facebook"
        },
        {
            "id": "100023520814277",
            "count": 0,
            "name": "Người dùng facebook"
        },
        {
            "id": "100067054874277",
            "count": 0,
            "name": "Người dùng facebook"
        },
        {
            "id": "100017739332342",
            "count": 0,
            "name": "Người dùng facebook"
        },
        {
            "id": "100045627200992",
            "count": 0,
            "name": "Người dùng facebook"
        },
        {
            "id": "100075819620242",
            "count": 0,
            "name": "Người dùng facebook"
        },
        {
            "id": "100054484754901",
            "count": 0,
            "name": "Người dùng facebook"
        },
        {
            "id": "100075225877565",
            "count": 0,
            "name": "Người dùng facebook"
        },
        {
            "id": "100086163223882",
            "count": 0,
            "name": "Người dùng facebook"
        },
        {
            "id": "100078384853613",
            "count": 0,
            "name": "Người dùng facebook"
        },
        {
            "id": "100088890762275",
            "count": 0,
            "name": "Người dùng facebook"
        },
        {
            "id": "100079595294180",
            "count": 0,
            "name": "Người dùng facebook"
        },
        {
            "id": "61554508683887",
            "count": 0,
            "name": "Người dùng facebook"
        },
        {
            "id": "100085196277053",
            "count": 0,
            "name": "Người dùng facebook"
        },
        {
            "id": "100013025535230",
            "count": 0,
            "name": "Người dùng facebook"
        },
        {
            "id": "100088286101629",
            "count": 0,
            "name": "Người dùng facebook"
        },
        {
            "id": "100087059461836",
            "count": 0,
            "name": "Người dùng facebook"
        },
        {
            "id": "61553095863190",
            "count": 0,
            "name": "Người dùng facebook"
        },
        {
            "id": "100069940093931",
            "count": 0,
            "name": "Người dùng facebook"
        },
        {
            "id": "100038460912567",
            "count": 0,
            "name": "Người dùng facebook"
        },
        {
            "id": "100022627119785",
            "count": 0,
            "name": "Người dùng facebook"
        }
    ],
    "time": 6,
    "last": {
        "time": 4,
        "day": [
            {
                "id": "100079057594268",
                "count": 0
            },
            {
                "id": "100028155132311",
                "count": 0
            },
            {
                "id": "100048377017280",
                "count": 0
            },
            {
                "id": "100079854446202",
                "count": 0
            },
            {
                "id": "100035251842433",
                "count": 0
            },
            {
                "id": "100024800350947",
                "count": 0
            },
            {
                "id": "100009624408776",
                "count": 0
            },
            {
                "id": "100040389870664",
                "count": 0
            },
            {
                "id": "100060248237588",
                "count": 0
            },
            {
                "id": "100013968438746",
                "count": 0
            },
            {
                "id": "100047112712332",
                "count": 0
            },
            {
                "id": "100073989390751",
                "count": 0
            },
            {
                "id": "100081967252337",
                "count": 0
            },
            {
                "id": "100058305470967",
                "count": 0
            },
            {
                "id": "100070959077834",
                "count": 0
            },
            {
                "id": "100054583526533",
                "count": 0
            },
            {
                "id": "100066157980292",
                "count": 0
            },
            {
                "id": "100040867392856",
                "count": 0
            },
            {
                "id": "100049014812402",
                "count": 0
            },
            {
                "id": "100093063233417",
                "count": 0
            },
            {
                "id": "100037465932663",
                "count": 0
            },
            {
                "id": "100009713618289",
                "count": 0
            },
            {
                "id": "100073984718974",
                "count": 0
            },
            {
                "id": "61554123763984",
                "count": 0
            },
            {
                "id": "100094992094907",
                "count": 0
            },
            {
                "id": "100063792464180",
                "count": 0
            },
            {
                "id": "100058086908864",
                "count": 0
            },
            {
                "id": "100052121801230",
                "count": 0
            },
            {
                "id": "100026454631482",
                "count": 0
            },
            {
                "id": "100087439158105",
                "count": 0
            },
            {
                "id": "100063552301009",
                "count": 0
            },
            {
                "id": "100071874287087",
                "count": 0
            },
            {
                "id": "100094907705541",
                "count": 0
            },
            {
                "id": "100051492276241",
                "count": 0
            },
            {
                "id": "100051923992971",
                "count": 0
            },
            {
                "id": "100068747042264",
                "count": 0
            },
            {
                "id": "100072961437245",
                "count": 0
            },
            {
                "id": "61554309310969",
                "count": 0
            },
            {
                "id": "100044460531960",
                "count": 0
            },
            {
                "id": "100012506893313",
                "count": 0
            },
            {
                "id": "100091920167921",
                "count": 0
            },
            {
                "id": "100095533960072",
                "count": 0
            },
            {
                "id": "100084432427899",
                "count": 0
            },
            {
                "id": "100006756064465",
                "count": 0
            },
            {
                "id": "100052943533888",
                "count": 0
            },
            {
                "id": "100051489631285",
                "count": 0
            },
            {
                "id": "100085214402994",
                "count": 0
            },
            {
                "id": "100060818116803",
                "count": 0
            },
            {
                "id": "100086382769205",
                "count": 0
            },
            {
                "id": "100077987981662",
                "count": 0
            },
            {
                "id": "100049155907328",
                "count": 0
            },
            {
                "id": "100043748568508",
                "count": 0
            },
            {
                "id": "100073937111109",
                "count": 0
            },
            {
                "id": "100069696182073",
                "count": 0
            },
            {
                "id": "100076624442848",
                "count": 0
            },
            {
                "id": "100009559368891",
                "count": 0
            },
            {
                "id": "100073096939730",
                "count": 0
            },
            {
                "id": "100089597676341",
                "count": 0
            },
            {
                "id": "100057261706661",
                "count": 0
            },
            {
                "id": "100034472143498",
                "count": 0
            },
            {
                "id": "100029692970927",
                "count": 0
            },
            {
                "id": "100067967845148",
                "count": 0
            },
            {
                "id": "100087444111946",
                "count": 0
            },
            {
                "id": "100048468330904",
                "count": 0
            },
            {
                "id": "100068096370437",
                "count": 0
            },
            {
                "id": "100010862646993",
                "count": 0
            },
            {
                "id": "100000710492810",
                "count": 0
            },
            {
                "id": "100015400172191",
                "count": 0
            },
            {
                "id": "100076894651006",
                "count": 0
            },
            {
                "id": "61554219531768",
                "count": 0
            },
            {
                "id": "100094664303262",
                "count": 0
            },
            {
                "id": "100089211030525",
                "count": 0
            },
            {
                "id": "100074766341950",
                "count": 0
            },
            {
                "id": "100035032087440",
                "count": 0
            },
            {
                "id": "100081440167731",
                "count": 0
            },
            {
                "id": "100061609802075",
                "count": 0
            },
            {
                "id": "61553873255230",
                "count": 0
            },
            {
                "id": "100055485773038",
                "count": 0
            },
            {
                "id": "100053176281139",
                "count": 0
            },
            {
                "id": "100076399151586",
                "count": 0
            },
            {
                "id": "100066877465785",
                "count": 0
            },
            {
                "id": "61551878699383",
                "count": 0
            },
            {
                "id": "100050693466842",
                "count": 0
            },
            {
                "id": "100082052067929",
                "count": 0
            },
            {
                "id": "100069290617464",
                "count": 0
            },
            {
                "id": "100086534678860",
                "count": 0
            },
            {
                "id": "100084820626325",
                "count": 0
            },
            {
                "id": "100091369863835",
                "count": 0
            },
            {
                "id": "100035838584235",
                "count": 0
            },
            {
                "id": "100072664434994",
                "count": 0
            },
            {
                "id": "100052792894654",
                "count": 0
            },
            {
                "id": "100060466542893",
                "count": 0
            },
            {
                "id": "100070153683885",
                "count": 0
            },
            {
                "id": "61550670676860",
                "count": 0
            },
            {
                "id": "100073839467145",
                "count": 0
            },
            {
                "id": "61550927970101",
                "count": 0
            },
            {
                "id": "100045937268560",
                "count": 0
            },
            {
                "id": "100045820672627",
                "count": 0
            },
            {
                "id": "100056040491795",
                "count": 0
            },
            {
                "id": "61550959404516",
                "count": 0
            },
            {
                "id": "61555471987398",
                "count": 0
            },
            {
                "id": "100008373421436",
                "count": 0
            },
            {
                "id": "100001837873386",
                "count": 0
            },
            {
                "id": "100052135840691",
                "count": 0
            },
            {
                "id": "100089733567687",
                "count": 0
            },
            {
                "id": "100009193419033",
                "count": 0
            },
            {
                "id": "100001838241327",
                "count": 0
            },
            {
                "id": "100073291000236",
                "count": 0
            },
            {
                "id": "61554791515294",
                "count": 0
            },
            {
                "id": "100085131947199",
                "count": 0
            },
            {
                "id": "100063600331393",
                "count": 0
            },
            {
                "id": "100081001323890",
                "count": 0
            },
            {
                "id": "100087900972456",
                "count": 0
            },
            {
                "id": "100023520814277",
                "count": 0
            },
            {
                "id": "100067054874277",
                "count": 0
            },
            {
                "id": "100017739332342",
                "count": 0
            },
            {
                "id": "100045627200992",
                "count": 0
            },
            {
                "id": "100075819620242",
                "count": 0
            },
            {
                "id": "100054484754901",
                "count": 0
            },
            {
                "id": "100075225877565",
                "count": 0
            },
            {
                "id": "100086163223882",
                "count": 0
            },
            {
                "id": "100078384853613",
                "count": 0
            },
            {
                "id": "100088890762275",
                "count": 0
            },
            {
                "id": "100079595294180",
                "count": 0
            },
            {
                "id": "61554508683887",
                "count": 0
            },
            {
                "id": "100085196277053",
                "count": 0
            },
            {
                "id": "100013025535230",
                "count": 0
            },
            {
                "id": "100088286101629",
                "count": 0
            },
            {
                "id": "100087059461836",
                "count": 0
            },
            {
                "id": "61553095863190",
                "count": 0
            },
            {
                "id": "100069940093931",
                "count": 0
            },
            {
                "id": "100016860824659",
                "count": 0
            },
            {
                "id": "100038460912567",
                "count": 0
            },
            {
                "id": "100022627119785",
                "count": 0
            }
        ],
        "week": [
            {
                "id": "100079057594268",
                "count": 0
            },
            {
                "id": "100028155132311",
                "count": 0
            },
            {
                "id": "100048377017280",
                "count": 0
            },
            {
                "id": "100079854446202",
                "count": 0
            },
            {
                "id": "100035251842433",
                "count": 0
            },
            {
                "id": "100024800350947",
                "count": 0
            },
            {
                "id": "100009624408776",
                "count": 0
            },
            {
                "id": "100040389870664",
                "count": 0
            },
            {
                "id": "100060248237588",
                "count": 0
            },
            {
                "id": "100013968438746",
                "count": 0
            },
            {
                "id": "100047112712332",
                "count": 0
            },
            {
                "id": "100073989390751",
                "count": 0
            },
            {
                "id": "100081967252337",
                "count": 0
            },
            {
                "id": "100058305470967",
                "count": 0
            },
            {
                "id": "100070959077834",
                "count": 0
            },
            {
                "id": "100054583526533",
                "count": 0
            },
            {
                "id": "100066157980292",
                "count": 0
            },
            {
                "id": "100040867392856",
                "count": 0
            },
            {
                "id": "100049014812402",
                "count": 0
            },
            {
                "id": "100093063233417",
                "count": 0
            },
            {
                "id": "100037465932663",
                "count": 0
            },
            {
                "id": "100009713618289",
                "count": 0
            },
            {
                "id": "100073984718974",
                "count": 0
            },
            {
                "id": "61554123763984",
                "count": 0
            },
            {
                "id": "100094992094907",
                "count": 0
            },
            {
                "id": "100063792464180",
                "count": 0
            },
            {
                "id": "100058086908864",
                "count": 0
            },
            {
                "id": "100052121801230",
                "count": 0
            },
            {
                "id": "100026454631482",
                "count": 0
            },
            {
                "id": "100087439158105",
                "count": 0
            },
            {
                "id": "100063552301009",
                "count": 0
            },
            {
                "id": "100071874287087",
                "count": 0
            },
            {
                "id": "100094907705541",
                "count": 0
            },
            {
                "id": "100051492276241",
                "count": 0
            },
            {
                "id": "100051923992971",
                "count": 0
            },
            {
                "id": "100068747042264",
                "count": 0
            },
            {
                "id": "100072961437245",
                "count": 0
            },
            {
                "id": "61554309310969",
                "count": 0
            },
            {
                "id": "100044460531960",
                "count": 0
            },
            {
                "id": "100012506893313",
                "count": 0
            },
            {
                "id": "100091920167921",
                "count": 0
            },
            {
                "id": "100095533960072",
                "count": 0
            },
            {
                "id": "100084432427899",
                "count": 0
            },
            {
                "id": "100006756064465",
                "count": 0
            },
            {
                "id": "100052943533888",
                "count": 0
            },
            {
                "id": "100051489631285",
                "count": 0
            },
            {
                "id": "100085214402994",
                "count": 0
            },
            {
                "id": "100060818116803",
                "count": 0
            },
            {
                "id": "100086382769205",
                "count": 0
            },
            {
                "id": "100077987981662",
                "count": 0
            },
            {
                "id": "100049155907328",
                "count": 0
            },
            {
                "id": "100043748568508",
                "count": 0
            },
            {
                "id": "100073937111109",
                "count": 0
            },
            {
                "id": "100069696182073",
                "count": 0
            },
            {
                "id": "100076624442848",
                "count": 0
            },
            {
                "id": "100009559368891",
                "count": 0
            },
            {
                "id": "100073096939730",
                "count": 0
            },
            {
                "id": "100089597676341",
                "count": 0
            },
            {
                "id": "100057261706661",
                "count": 0
            },
            {
                "id": "100034472143498",
                "count": 0
            },
            {
                "id": "100029692970927",
                "count": 0
            },
            {
                "id": "100067967845148",
                "count": 0
            },
            {
                "id": "100087444111946",
                "count": 0
            },
            {
                "id": "100048468330904",
                "count": 0
            },
            {
                "id": "100068096370437",
                "count": 0
            },
            {
                "id": "100010862646993",
                "count": 0
            },
            {
                "id": "100000710492810",
                "count": 0
            },
            {
                "id": "100015400172191",
                "count": 0
            },
            {
                "id": "100076894651006",
                "count": 0
            },
            {
                "id": "61554219531768",
                "count": 0
            },
            {
                "id": "100094664303262",
                "count": 0
            },
            {
                "id": "100089211030525",
                "count": 0
            },
            {
                "id": "100074766341950",
                "count": 0
            },
            {
                "id": "100035032087440",
                "count": 0
            },
            {
                "id": "100081440167731",
                "count": 0
            },
            {
                "id": "100061609802075",
                "count": 0
            },
            {
                "id": "61553873255230",
                "count": 0
            },
            {
                "id": "100055485773038",
                "count": 0
            },
            {
                "id": "100053176281139",
                "count": 0
            },
            {
                "id": "100076399151586",
                "count": 0
            },
            {
                "id": "100066877465785",
                "count": 0
            },
            {
                "id": "61551878699383",
                "count": 0
            },
            {
                "id": "100050693466842",
                "count": 0
            },
            {
                "id": "100082052067929",
                "count": 0
            },
            {
                "id": "100069290617464",
                "count": 0
            },
            {
                "id": "100086534678860",
                "count": 0
            },
            {
                "id": "100084820626325",
                "count": 0
            },
            {
                "id": "100091369863835",
                "count": 0
            },
            {
                "id": "100035838584235",
                "count": 0
            },
            {
                "id": "100072664434994",
                "count": 0
            },
            {
                "id": "100052792894654",
                "count": 0
            },
            {
                "id": "100060466542893",
                "count": 0
            },
            {
                "id": "100070153683885",
                "count": 0
            },
            {
                "id": "61550670676860",
                "count": 0
            },
            {
                "id": "100073839467145",
                "count": 0
            },
            {
                "id": "61550927970101",
                "count": 0
            },
            {
                "id": "100045937268560",
                "count": 0
            },
            {
                "id": "100045820672627",
                "count": 0
            },
            {
                "id": "100056040491795",
                "count": 0
            },
            {
                "id": "61550959404516",
                "count": 0
            },
            {
                "id": "61555471987398",
                "count": 0
            },
            {
                "id": "100008373421436",
                "count": 0
            },
            {
                "id": "100001837873386",
                "count": 0
            },
            {
                "id": "100052135840691",
                "count": 0
            },
            {
                "id": "100089733567687",
                "count": 0
            },
            {
                "id": "100009193419033",
                "count": 0
            },
            {
                "id": "100001838241327",
                "count": 0
            },
            {
                "id": "100073291000236",
                "count": 0
            },
            {
                "id": "61554791515294",
                "count": 0
            },
            {
                "id": "100085131947199",
                "count": 0
            },
            {
                "id": "100063600331393",
                "count": 0
            },
            {
                "id": "100081001323890",
                "count": 0
            },
            {
                "id": "100087900972456",
                "count": 0
            },
            {
                "id": "100023520814277",
                "count": 0
            },
            {
                "id": "100067054874277",
                "count": 0
            },
            {
                "id": "100017739332342",
                "count": 0
            },
            {
                "id": "100045627200992",
                "count": 0
            },
            {
                "id": "100075819620242",
                "count": 0
            },
            {
                "id": "100054484754901",
                "count": 0
            },
            {
                "id": "100075225877565",
                "count": 0
            },
            {
                "id": "100086163223882",
                "count": 0
            },
            {
                "id": "100078384853613",
                "count": 0
            },
            {
                "id": "100088890762275",
                "count": 0
            },
            {
                "id": "100079595294180",
                "count": 0
            },
            {
                "id": "61554508683887",
                "count": 0
            },
            {
                "id": "100085196277053",
                "count": 0
            },
            {
                "id": "100013025535230",
                "count": 0
            },
            {
                "id": "100088286101629",
                "count": 0
            },
            {
                "id": "100087059461836",
                "count": 0
            },
            {
                "id": "61553095863190",
                "count": 0
            },
            {
                "id": "100069940093931",
                "count": 0
            },
            {
                "id": "100016860824659",
                "count": 0
            },
            {
                "id": "100038460912567",
                "count": 0
            },
            {
                "id": "100022627119785",
                "count": 0
            }
        ]
    }
}