{
    "total": [
        {
            "id": "100068096370437",
            "count": 1860
        },
        {
            "id": "100001837873386",
            "count": 0
        },
        {
            "id": "100001906861787",
            "count": 0
        },
        {
            "id": "100095216365075",
            "count": 0
        },
        {
            "id": "100008373421436",
            "count": 0
        },
        {
            "id": "1631016269",
            "count": 0
        },
        {
            "id": "100001838241327",
            "count": 0
        },
        {
            "id": "100001305769791",
            "count": 164
        },
        {
            "id": "61556007788309",
            "count": 0
        },
        {
            "id": "61556010446703",
            "count": 0
        }
    ],
    "week": [
        {
            "id": "100068096370437",
            "count": 909,
            "name": "Phạm Minh Đồng"
        },
        {
            "id": "100001837873386",
            "count": 0,
            "name": "Trần Thị Kim Anh"
        },
        {
            "id": "100001906861787",
            "count": 0,
            "name": "Người dùng Facebook"
        },
        {
            "id": "100095216365075",
            "count": 0,
            "name": "Người dùng Facebook"
        },
        {
            "id": "100008373421436",
            "count": 0,
            "name": "𝑷𝒉𝒂𝒎 𝑴𝒊𝒏𝒉 𝑫𝒐𝒏𝒈 𓅗"
        },
        {
            "id": "1631016269",
            "count": 0,
            "name": "Phạm Minh Đồng"
        },
        {
            "id": "100001838241327",
            "count": 0,
            "name": "Phương Anh Thị Trần"
        },
        {
            "id": "100001305769791",
            "count": 164,
            "name": "Huỳnh Trúc Phương"
        },
        {
            "id": "61556007788309",
            "count": 0,
            "name": "Linh Lê"
        },
        {
            "id": "61556010446703",
            "count": 0
        }
    ],
    "day": [
        {
            "id": "100068096370437",
            "count": 370,
            "name": "Phạm Minh Đồng"
        },
        {
            "id": "100001837873386",
            "count": 0,
            "name": "Trần Thị Kim Anh"
        },
        {
            "id": "100001906861787",
            "count": 0,
            "name": "Người dùng Facebook"
        },
        {
            "id": "100095216365075",
            "count": 0,
            "name": "Người dùng Facebook"
        },
        {
            "id": "100008373421436",
            "count": 0,
            "name": "Người dùng Facebook"
        },
        {
            "id": "1631016269",
            "count": 0,
            "name": "Phạm Minh Đồng"
        },
        {
            "id": "100001838241327",
            "count": 0,
            "name": "Phương Anh Thị Trần"
        },
        {
            "id": "100001305769791",
            "count": 44,
            "name": "Huỳnh Trúc Phương"
        },
        {
            "id": "61556007788309",
            "count": 0,
            "name": "Linh Lê"
        },
        {
            "id": "61556010446703",
            "count": 0,
            "name": "Pham Anh"
        }
    ],
    "time": 6,
    "last": {
        "time": 4,
        "day": [
            {
                "id": "100068096370437",
                "count": 0
            },
            {
                "id": "100001837873386",
                "count": 0
            },
            {
                "id": "100001906861787",
                "count": 0
            },
            {
                "id": "100095216365075",
                "count": 0
            },
            {
                "id": "100008373421436",
                "count": 0
            },
            {
                "id": "1631016269",
                "count": 0
            },
            {
                "id": "100001838241327",
                "count": 0
            },
            {
                "id": "100009193419033",
                "count": 0
            },
            {
                "id": "100001305769791",
                "count": 0
            },
            {
                "id": "61556007788309",
                "count": 0
            },
            {
                "id": "61556010446703",
                "count": 0
            }
        ],
        "week": [
            {
                "id": "100068096370437",
                "count": 0
            },
            {
                "id": "100001837873386",
                "count": 0
            },
            {
                "id": "100001906861787",
                "count": 0
            },
            {
                "id": "100095216365075",
                "count": 0
            },
            {
                "id": "100008373421436",
                "count": 0
            },
            {
                "id": "1631016269",
                "count": 0
            },
            {
                "id": "100001838241327",
                "count": 0
            },
            {
                "id": "100009193419033",
                "count": 0
            },
            {
                "id": "100001305769791",
                "count": 0
            },
            {
                "id": "61556007788309",
                "count": 0
            },
            {
                "id": "61556010446703",
                "count": 0
            }
        ]
    }
}