{
    "total": [
        {
            "id": "100013957026271",
            "count": 7
        },
        {
            "id": "100050999371837",
            "count": 152
        },
        {
            "id": "100084162186171",
            "count": 0
        },
        {
            "id": "100092637905858",
            "count": 0
        },
        {
            "id": "100026906781003",
            "count": 0
        },
        {
            "id": "100037231398725",
            "count": 0
        },
        {
            "id": "100086544731842",
            "count": 0
        },
        {
            "id": "100094121592610",
            "count": 0
        },
        {
            "id": "100089575471176",
            "count": 0
        },
        {
            "id": "100017146800896",
            "count": 0
        },
        {
            "id": "100073442782146",
            "count": 0
        },
        {
            "id": "100084274414067",
            "count": 39
        },
        {
            "id": "100002869204225",
            "count": 0
        },
        {
            "id": "100075216610999",
            "count": 0
        },
        {
            "id": "100039909382995",
            "count": 0
        },
        {
            "id": "100083632174635",
            "count": 0
        },
        {
            "id": "100034514355974",
            "count": 0
        },
        {
            "id": "100083244550129",
            "count": 9
        },
        {
            "id": "100042573709161",
            "count": 11
        },
        {
            "id": "100088266109751",
            "count": 0
        },
        {
            "id": "100068233532936",
            "count": 0
        },
        {
            "id": "61556143539950",
            "count": 2
        },
        {
            "id": "100089034025290",
            "count": 0
        },
        {
            "id": "100089485837106",
            "count": 0
        },
        {
            "id": "100024306168336",
            "count": 0
        },
        {
            "id": "100001837873386",
            "count": 0
        },
        {
            "id": "100008373421436",
            "count": 0
        },
        {
            "id": "1631016269",
            "count": 0
        },
        {
            "id": "61550953454431",
            "count": 0
        }
    ],
    "week": [
        {
            "id": "100013957026271",
            "count": 0,
            "name": "𓃗»𝙏𝙧𝙖̂̀𝙣 𝙑𝙖̆𝙣 𝙃𝙞𝙣𝙝𓂄𓆩𑁍𓆪𓂁"
        },
        {
            "id": "100050999371837",
            "count": 0,
            "name": "Tiến Nguyễn"
        },
        {
            "id": "100084162186171",
            "count": 0,
            "name": "Hiểu Ly"
        },
        {
            "id": "100092637905858",
            "count": 0,
            "name": "Hoai Nam Mark"
        },
        {
            "id": "100026906781003",
            "count": 0,
            "name": "Nguyễn Thuỳ"
        },
        {
            "id": "100037231398725",
            "count": 0,
            "name": "Nhóc Nhỏ"
        },
        {
            "id": "100086544731842",
            "count": 0,
            "name": "Lb Ngoc"
        },
        {
            "id": "100094121592610",
            "count": 0,
            "name": "Ao La"
        },
        {
            "id": "100089575471176",
            "count": 0,
            "name": "Sxar May Kha"
        },
        {
            "id": "100017146800896",
            "count": 0,
            "name": "Amine Mohamed"
        },
        {
            "id": "100073442782146",
            "count": 0,
            "name": "Nguyễn Thị Thùy Linh"
        },
        {
            "id": "100084274414067",
            "count": 2,
            "name": "Kim Loan Khưu"
        },
        {
            "id": "100002869204225",
            "count": 0,
            "name": "Ji Lynh"
        },
        {
            "id": "100075216610999",
            "count": 0,
            "name": "Hyouka Granger"
        },
        {
            "id": "100039909382995",
            "count": 0,
            "name": "PS Sang"
        },
        {
            "id": "100083632174635",
            "count": 0,
            "name": "JI Tran Thong"
        },
        {
            "id": "100034514355974",
            "count": 0,
            "name": "Thắng Nôbita"
        },
        {
            "id": "100083244550129",
            "count": 0,
            "name": "Thuỳ Trang"
        },
        {
            "id": "100042573709161",
            "count": 0,
            "name": "Ngọc Ánh"
        },
        {
            "id": "100088266109751",
            "count": 0,
            "name": "Người dùng Facebook"
        },
        {
            "id": "100068233532936",
            "count": 0,
            "name": "ヨ・ ウォニョン"
        },
        {
            "id": "61556143539950",
            "count": 0,
            "name": "Chip Chip"
        },
        {
            "id": "100089034025290",
            "count": 0,
            "name": "Thùy Trang"
        },
        {
            "id": "100089485837106",
            "count": 0,
            "name": "Trang Thùy"
        },
        {
            "id": "100024306168336",
            "count": 0,
            "name": "Lạnh Lùng"
        },
        {
            "id": "100001837873386",
            "count": 0,
            "name": "Trần Thị Kim Anh"
        },
        {
            "id": "100008373421436",
            "count": 0,
            "name": "𝑷𝒉𝒂𝒎 𝑴𝒊𝒏𝒉 𝑫𝒐𝒏𝒈 𓅗"
        },
        {
            "id": "1631016269",
            "count": 0,
            "name": "Phạm Minh Đồng"
        },
        {
            "id": "61550953454431",
            "count": 0,
            "name": "Dongdev"
        }
    ],
    "day": [
        {
            "id": "100013957026271",
            "count": 0,
            "name": "Người dùng facebook"
        },
        {
            "id": "100050999371837",
            "count": 0,
            "name": "Người dùng facebook"
        },
        {
            "id": "100084162186171",
            "count": 0,
            "name": "Người dùng facebook"
        },
        {
            "id": "100092637905858",
            "count": 0,
            "name": "Người dùng facebook"
        },
        {
            "id": "100026906781003",
            "count": 0,
            "name": "Người dùng facebook"
        },
        {
            "id": "100037231398725",
            "count": 0,
            "name": "Người dùng facebook"
        },
        {
            "id": "100086544731842",
            "count": 0,
            "name": "Người dùng facebook"
        },
        {
            "id": "100094121592610",
            "count": 0,
            "name": "Người dùng facebook"
        },
        {
            "id": "100089575471176",
            "count": 0,
            "name": "Người dùng facebook"
        },
        {
            "id": "100017146800896",
            "count": 0,
            "name": "Người dùng facebook"
        },
        {
            "id": "100073442782146",
            "count": 0,
            "name": "Người dùng facebook"
        },
        {
            "id": "100084274414067",
            "count": 0,
            "name": "Người dùng facebook"
        },
        {
            "id": "100002869204225",
            "count": 0,
            "name": "Người dùng facebook"
        },
        {
            "id": "100075216610999",
            "count": 0,
            "name": "Người dùng facebook"
        },
        {
            "id": "100039909382995",
            "count": 0,
            "name": "Người dùng facebook"
        },
        {
            "id": "100083632174635",
            "count": 0,
            "name": "Người dùng facebook"
        },
        {
            "id": "100034514355974",
            "count": 0,
            "name": "Người dùng facebook"
        },
        {
            "id": "100083244550129",
            "count": 0,
            "name": "Người dùng facebook"
        },
        {
            "id": "100042573709161",
            "count": 0,
            "name": "Người dùng facebook"
        },
        {
            "id": "100088266109751",
            "count": 0,
            "name": "Người dùng facebook"
        },
        {
            "id": "100068233532936",
            "count": 0,
            "name": "Người dùng facebook"
        },
        {
            "id": "61556143539950",
            "count": 0,
            "name": "Người dùng facebook"
        },
        {
            "id": "100089034025290",
            "count": 0,
            "name": "Người dùng facebook"
        },
        {
            "id": "100089485837106",
            "count": 0,
            "name": "Người dùng facebook"
        },
        {
            "id": "100024306168336",
            "count": 0,
            "name": "Người dùng facebook"
        },
        {
            "id": "100001837873386",
            "count": 0,
            "name": "Trần Thị Kim Anh"
        },
        {
            "id": "100008373421436",
            "count": 0,
            "name": "Người dùng Facebook"
        },
        {
            "id": "1631016269",
            "count": 0,
            "name": "Phạm Minh Đồng"
        },
        {
            "id": "61550953454431",
            "count": 0,
            "name": "Người dùng facebook"
        }
    ],
    "time": 6,
    "last": {
        "time": 0,
        "day": [
            {
                "id": "100013957026271",
                "count": 0
            },
            {
                "id": "100050999371837",
                "count": 0
            },
            {
                "id": "100084162186171",
                "count": 0
            },
            {
                "id": "100092637905858",
                "count": 0
            },
            {
                "id": "100026906781003",
                "count": 0
            },
            {
                "id": "100037231398725",
                "count": 0
            },
            {
                "id": "100086544731842",
                "count": 0
            },
            {
                "id": "100094121592610",
                "count": 0
            },
            {
                "id": "100089575471176",
                "count": 0
            },
            {
                "id": "100017146800896",
                "count": 0
            },
            {
                "id": "100073442782146",
                "count": 0
            },
            {
                "id": "100084274414067",
                "count": 0
            },
            {
                "id": "100002869204225",
                "count": 0
            },
            {
                "id": "100075216610999",
                "count": 0
            },
            {
                "id": "100039909382995",
                "count": 0
            },
            {
                "id": "100083632174635",
                "count": 0
            },
            {
                "id": "100034514355974",
                "count": 0
            },
            {
                "id": "100083244550129",
                "count": 0
            },
            {
                "id": "100042573709161",
                "count": 0
            },
            {
                "id": "100088266109751",
                "count": 0
            },
            {
                "id": "100068233532936",
                "count": 0
            },
            {
                "id": "61556143539950",
                "count": 0
            },
            {
                "id": "100089034025290",
                "count": 0
            },
            {
                "id": "100041795028611",
                "count": 0
            },
            {
                "id": "100089485837106",
                "count": 0
            },
            {
                "id": "100024306168336",
                "count": 0
            },
            {
                "id": "100068096370437",
                "count": 0
            },
            {
                "id": "100001837873386",
                "count": 0
            },
            {
                "id": "100008373421436",
                "count": 0
            },
            {
                "id": "1631016269",
                "count": 0
            },
            {
                "id": "61550953454431",
                "count": 0
            }
        ],
        "week": [
            {
                "id": "100013957026271",
                "count": 0
            },
            {
                "id": "100050999371837",
                "count": 0
            },
            {
                "id": "100084162186171",
                "count": 0
            },
            {
                "id": "100092637905858",
                "count": 0
            },
            {
                "id": "100026906781003",
                "count": 0
            },
            {
                "id": "100037231398725",
                "count": 0
            },
            {
                "id": "100086544731842",
                "count": 0
            },
            {
                "id": "100094121592610",
                "count": 0
            },
            {
                "id": "100089575471176",
                "count": 0
            },
            {
                "id": "100017146800896",
                "count": 0
            },
            {
                "id": "100073442782146",
                "count": 0
            },
            {
                "id": "100084274414067",
                "count": 0
            },
            {
                "id": "100002869204225",
                "count": 0
            },
            {
                "id": "100075216610999",
                "count": 0
            },
            {
                "id": "100039909382995",
                "count": 0
            },
            {
                "id": "100083632174635",
                "count": 0
            },
            {
                "id": "100034514355974",
                "count": 0
            },
            {
                "id": "100083244550129",
                "count": 0
            },
            {
                "id": "100042573709161",
                "count": 0
            },
            {
                "id": "100088266109751",
                "count": 0
            },
            {
                "id": "100068233532936",
                "count": 0
            },
            {
                "id": "61556143539950",
                "count": 0
            },
            {
                "id": "100089034025290",
                "count": 0
            },
            {
                "id": "100041795028611",
                "count": 0
            },
            {
                "id": "100089485837106",
                "count": 0
            },
            {
                "id": "100024306168336",
                "count": 0
            },
            {
                "id": "100068096370437",
                "count": 0
            },
            {
                "id": "100001837873386",
                "count": 0
            },
            {
                "id": "100008373421436",
                "count": 0
            },
            {
                "id": "1631016269",
                "count": 0
            },
            {
                "id": "61550953454431",
                "count": 0
            }
        ]
    }
}