{
    "total": [
        {
            "id": "100068096370437",
            "count": 52
        },
        {
            "id": "100090458979503",
            "count": 45
        },
        {
            "id": "100074278195157",
            "count": 32
        },
        {
            "id": "100027248830437",
            "count": 9
        },
        {
            "id": "100066838458710",
            "count": 0
        },
        {
            "id": "100094016695915",
            "count": 0
        },
        {
            "id": "100094043574093",
            "count": 0
        },
        {
            "id": "100088449372985",
            "count": 0
        },
        {
            "id": "100094236391871",
            "count": 0
        },
        {
            "id": "100038678414010",
            "count": 0
        },
        {
            "id": "61550595215938",
            "count": 0
        },
        {
            "id": "100063470889361",
            "count": 0
        },
        {
            "id": "100073633500368",
            "count": 0
        },
        {
            "id": "100057273502696",
            "count": 4
        },
        {
            "id": "100094884761715",
            "count": 3
        },
        {
            "id": "100002685839144",
            "count": 0
        },
        {
            "id": "100088286371303",
            "count": 4
        },
        {
            "id": "100081797352234",
            "count": 3
        },
        {
            "id": "100070536697790",
            "count": 0
        },
        {
            "id": "61553957110830",
            "count": 0
        },
        {
            "id": "100088397235506",
            "count": 0
        },
        {
            "id": "100008373421436",
            "count": 0
        },
        {
            "id": "100001837873386",
            "count": 0
        },
        {
            "id": "100090204294234",
            "count": 0
        },
        {
            "id": "100085356649834",
            "count": 30
        },
        {
            "id": "100001838241327",
            "count": 0
        },
        {
            "id": "61554760134053",
            "count": 0
        },
        {
            "id": "61552633692083",
            "count": 0
        },
        {
            "id": "100009193419033",
            "count": 0
        },
        {
            "id": "100003359791187",
            "count": 0
        },
        {
            "id": "61555130190139",
            "count": 0
        },
        {
            "id": "100075493308135",
            "count": 0
        },
        {
            "id": "1280150648",
            "count": 31
        },
        {
            "id": "100078345831449",
            "count": 1
        },
        {
            "id": "100003865673118",
            "count": 0
        },
        {
            "id": "61554836739807",
            "count": 29
        }
    ],
    "week": [
        {
            "id": "100068096370437",
            "count": 4,
            "name": "Phạm Minh Đồng"
        },
        {
            "id": "100090458979503",
            "count": 0,
            "name": "Khanh Shado ⚡🌸"
        },
        {
            "id": "100074278195157",
            "count": 3,
            "name": "𝒒𝒖𝒐𝒄 𝒅𝒖𝒚 𝒗𝒂 𝒏𝒉𝒖𝒏𝒈 𝒏𝒐𝒊 𝒃𝒖𝒐𝒏"
        },
        {
            "id": "100027248830437",
            "count": 0,
            "name": "Hoàng Nguyễn"
        },
        {
            "id": "100066838458710",
            "count": 0,
            "name": "Trường Thọ"
        },
        {
            "id": "100094016695915",
            "count": 0,
            "name": "Trang Cutii"
        },
        {
            "id": "100094043574093",
            "count": 0,
            "name": "Gia Huy"
        },
        {
            "id": "100088449372985",
            "count": 0,
            "name": "𓆩𝗚𝗶𝗮 𝗛𝘂𝘆 𝘃𝗮̀ 𝗻𝗵𝘂̛̃𝗻𝗴 𝗻𝗼̂̃𝗶 𝗯𝘂𝗼̂̀𝗻"
        },
        {
            "id": "100094236391871",
            "count": 0,
            "name": "Huy Hà"
        },
        {
            "id": "100038678414010",
            "count": 0,
            "name": "𝑯𝒖𝒚𝒏𝒉 𝑻𝒉𝒂𝒏𝒉 𝑺𝒐𝒏 𓅇"
        },
        {
            "id": "61550595215938",
            "count": 0,
            "name": "Mai Linh"
        },
        {
            "id": "100063470889361",
            "count": 0,
            "name": "Mai Thanh Ba"
        },
        {
            "id": "100073633500368",
            "count": 0,
            "name": "Quách Tất Lộc ⛧"
        },
        {
            "id": "100057273502696",
            "count": 0,
            "name": "Huy"
        },
        {
            "id": "100094884761715",
            "count": 0,
            "name": "ۦۦ🐣"
        },
        {
            "id": "100002685839144",
            "count": 0,
            "name": "𓆩𓂄𑁍𓂁𓆪 Cẩn Chào Các Con Vợ Và Mấy Thằng Cu Tao Là Trùm Trong Làng Rename Facebook Với Pháp Danh Vua Mõm Tiktok Cụ Tổ Bảo Kê Phây Búc Mấy Thằng Nhóc Lóc Chóc Chơi Phây Búc Phải Hỏi Ý Kiến Của Tao Bần Tăng Chưa Ngán Ai Bao Giờ Đụng Là Chơi Đến Là Chém 𓂄𓆩𑁍𓆪𓂁"
        },
        {
            "id": "100088286371303",
            "count": 0,
            "name": "Hoàng Gia Bảo"
        },
        {
            "id": "100081797352234",
            "count": 0,
            "name": "Nguyễn Trọng🧸"
        },
        {
            "id": "100070536697790",
            "count": 0,
            "name": "Thanh Tuấn"
        },
        {
            "id": "61553957110830",
            "count": 0,
            "name": "Ngọc's Em"
        },
        {
            "id": "100088397235506",
            "count": 0,
            "name": "𓂄𓆩 𝑁𝑔𝑢𝑦𝑒𝑛 𝑉𝑎𝑛 𝑇𝑜𝑎𝑛 𓆪𓂁"
        },
        {
            "id": "100008373421436",
            "count": 0,
            "name": "𝑷𝒉𝒂𝒎 𝑴𝒊𝒏𝒉 𝑫𝒐𝒏𝒈 𓅗"
        },
        {
            "id": "100001837873386",
            "count": 0,
            "name": "Trần Thị Kim Anh"
        },
        {
            "id": "100090204294234",
            "count": 0,
            "name": "Ng Hoàng"
        },
        {
            "id": "100085356649834",
            "count": 0,
            "name": "Nguyen Van Toan 💤 ✘"
        },
        {
            "id": "100001838241327",
            "count": 0,
            "name": "Phương Anh Thị Trần"
        },
        {
            "id": "61554760134053",
            "count": 0,
            "name": "Nguyen Toan"
        },
        {
            "id": "61552633692083",
            "count": 0,
            "name": "Bot Của HHoang"
        },
        {
            "id": "100009193419033",
            "count": 0,
            "name": "Người dùng Facebook"
        },
        {
            "id": "100003359791187",
            "count": 0,
            "name": "𓂄𓆩𑁍𓆪𓂁 Vì Trong Em Anh Là Điều Duy Nhất 𓅷 Dành Cho Em Ngàn Câu Ca Và Thương Yêu Đó 𓅇 Dành Cho Em Tia Nắng Ấm Cùng Bao Cơn Gió 𓅭 Dành Cho Em Dành Cho Em 𓃟 Niềm Đam Mê Tuyệt Vời 𓆲 Mà Anh Muốn Nắm Lấy Trong Bao Giấc Mơ 𓆦 Mọi Âu Lo Hãy Quên Đi Vì Anh Ở Đó 𓆏 Là Chiếc Bóng Mong Bên Em 𓆤 Dìu Bước Em Đi 𓅄 Ở Trên Con Đường Dài 𓂄𓆩𑁍𓆪𓂁"
        },
        {
            "id": "61555130190139",
            "count": 0,
            "name": "Rena Hay Ngủ"
        },
        {
            "id": "100075493308135",
            "count": 0,
            "name": "Nguyễn Lâm"
        },
        {
            "id": "1280150648",
            "count": 1,
            "name": "Hoàng Huy"
        },
        {
            "id": "100078345831449",
            "count": 0,
            "name": "Ngọc Duy"
        },
        {
            "id": "100003865673118",
            "count": 0,
            "name": "Hoàng Trung Thành"
        },
        {
            "id": "61554836739807",
            "count": 0,
            "name": "Saputra"
        }
    ],
    "day": [
        {
            "id": "100068096370437",
            "count": 0,
            "name": "Phạm Minh Đồng"
        },
        {
            "id": "100090458979503",
            "count": 0,
            "name": "Người dùng facebook"
        },
        {
            "id": "100074278195157",
            "count": 0,
            "name": "Người dùng facebook"
        },
        {
            "id": "100027248830437",
            "count": 0,
            "name": "Người dùng facebook"
        },
        {
            "id": "100066838458710",
            "count": 0,
            "name": "Người dùng facebook"
        },
        {
            "id": "100094016695915",
            "count": 0,
            "name": "Người dùng facebook"
        },
        {
            "id": "100094043574093",
            "count": 0,
            "name": "Người dùng facebook"
        },
        {
            "id": "100088449372985",
            "count": 0,
            "name": "Người dùng facebook"
        },
        {
            "id": "100094236391871",
            "count": 0,
            "name": "Người dùng facebook"
        },
        {
            "id": "100038678414010",
            "count": 0,
            "name": "Người dùng facebook"
        },
        {
            "id": "61550595215938",
            "count": 0,
            "name": "Người dùng facebook"
        },
        {
            "id": "100063470889361",
            "count": 0,
            "name": "Người dùng facebook"
        },
        {
            "id": "100073633500368",
            "count": 0,
            "name": "Người dùng facebook"
        },
        {
            "id": "100057273502696",
            "count": 0,
            "name": "Người dùng facebook"
        },
        {
            "id": "100094884761715",
            "count": 0,
            "name": "Người dùng facebook"
        },
        {
            "id": "100002685839144",
            "count": 0,
            "name": "Người dùng facebook"
        },
        {
            "id": "100088286371303",
            "count": 0,
            "name": "Người dùng facebook"
        },
        {
            "id": "100081797352234",
            "count": 0,
            "name": "Người dùng facebook"
        },
        {
            "id": "100070536697790",
            "count": 0,
            "name": "Người dùng facebook"
        },
        {
            "id": "61553957110830",
            "count": 0,
            "name": "Người dùng facebook"
        },
        {
            "id": "100088397235506",
            "count": 0,
            "name": "Người dùng facebook"
        },
        {
            "id": "100008373421436",
            "count": 0,
            "name": "Người dùng Facebook"
        },
        {
            "id": "100001837873386",
            "count": 0,
            "name": "Trần Thị Kim Anh"
        },
        {
            "id": "100090204294234",
            "count": 0,
            "name": "Người dùng facebook"
        },
        {
            "id": "100085356649834",
            "count": 0,
            "name": "Người dùng facebook"
        },
        {
            "id": "100001838241327",
            "count": 0,
            "name": "Phương Anh Thị Trần"
        },
        {
            "id": "61554760134053",
            "count": 0,
            "name": "Người dùng facebook"
        },
        {
            "id": "61552633692083",
            "count": 0,
            "name": "Người dùng facebook"
        },
        {
            "id": "100009193419033",
            "count": 0,
            "name": "Người dùng facebook"
        },
        {
            "id": "100003359791187",
            "count": 0,
            "name": "Người dùng facebook"
        },
        {
            "id": "61555130190139",
            "count": 0,
            "name": "Người dùng facebook"
        },
        {
            "id": "100075493308135",
            "count": 0,
            "name": "Người dùng facebook"
        },
        {
            "id": "1280150648",
            "count": 0,
            "name": "Người dùng facebook"
        },
        {
            "id": "100078345831449",
            "count": 0,
            "name": "Người dùng facebook"
        },
        {
            "id": "100003865673118",
            "count": 0,
            "name": "Người dùng facebook"
        },
        {
            "id": "61554836739807",
            "count": 0,
            "name": "Người dùng facebook"
        }
    ],
    "time": 6,
    "last": {
        "time": 4,
        "day": [
            {
                "id": "100068096370437",
                "count": 0
            },
            {
                "id": "100090458979503",
                "count": 0
            },
            {
                "id": "100074278195157",
                "count": 0
            },
            {
                "id": "100027248830437",
                "count": 0
            },
            {
                "id": "100066838458710",
                "count": 0
            },
            {
                "id": "100094016695915",
                "count": 0
            },
            {
                "id": "100094043574093",
                "count": 0
            },
            {
                "id": "100088449372985",
                "count": 0
            },
            {
                "id": "100094236391871",
                "count": 0
            },
            {
                "id": "100038678414010",
                "count": 0
            },
            {
                "id": "61550595215938",
                "count": 0
            },
            {
                "id": "100063470889361",
                "count": 0
            },
            {
                "id": "100073633500368",
                "count": 0
            },
            {
                "id": "100057273502696",
                "count": 0
            },
            {
                "id": "100094884761715",
                "count": 0
            },
            {
                "id": "100002685839144",
                "count": 0
            },
            {
                "id": "100088286371303",
                "count": 0
            },
            {
                "id": "100081797352234",
                "count": 0
            },
            {
                "id": "100070536697790",
                "count": 0
            },
            {
                "id": "61553957110830",
                "count": 0
            },
            {
                "id": "100088397235506",
                "count": 0
            },
            {
                "id": "100008373421436",
                "count": 0
            },
            {
                "id": "100001837873386",
                "count": 0
            },
            {
                "id": "100090204294234",
                "count": 0
            },
            {
                "id": "100085356649834",
                "count": 0
            },
            {
                "id": "100001838241327",
                "count": 0
            },
            {
                "id": "61554760134053",
                "count": 0
            },
            {
                "id": "61552633692083",
                "count": 0
            },
            {
                "id": "100009193419033",
                "count": 0
            },
            {
                "id": "100003359791187",
                "count": 0
            },
            {
                "id": "61555130190139",
                "count": 0
            },
            {
                "id": "100075493308135",
                "count": 0
            },
            {
                "id": "1280150648",
                "count": 0
            },
            {
                "id": "100078345831449",
                "count": 0
            },
            {
                "id": "100003865673118",
                "count": 0
            },
            {
                "id": "61554836739807",
                "count": 0
            }
        ],
        "week": [
            {
                "id": "100068096370437",
                "count": 0
            },
            {
                "id": "100090458979503",
                "count": 0
            },
            {
                "id": "100074278195157",
                "count": 0
            },
            {
                "id": "100027248830437",
                "count": 0
            },
            {
                "id": "100066838458710",
                "count": 0
            },
            {
                "id": "100094016695915",
                "count": 0
            },
            {
                "id": "100094043574093",
                "count": 0
            },
            {
                "id": "100088449372985",
                "count": 0
            },
            {
                "id": "100094236391871",
                "count": 0
            },
            {
                "id": "100038678414010",
                "count": 0
            },
            {
                "id": "61550595215938",
                "count": 0
            },
            {
                "id": "100063470889361",
                "count": 0
            },
            {
                "id": "100073633500368",
                "count": 0
            },
            {
                "id": "100057273502696",
                "count": 0
            },
            {
                "id": "100094884761715",
                "count": 0
            },
            {
                "id": "100002685839144",
                "count": 0
            },
            {
                "id": "100088286371303",
                "count": 0
            },
            {
                "id": "100081797352234",
                "count": 0
            },
            {
                "id": "100070536697790",
                "count": 0
            },
            {
                "id": "61553957110830",
                "count": 0
            },
            {
                "id": "100088397235506",
                "count": 0
            },
            {
                "id": "100008373421436",
                "count": 0
            },
            {
                "id": "100001837873386",
                "count": 0
            },
            {
                "id": "100090204294234",
                "count": 0
            },
            {
                "id": "100085356649834",
                "count": 0
            },
            {
                "id": "100001838241327",
                "count": 0
            },
            {
                "id": "61554760134053",
                "count": 0
            },
            {
                "id": "61552633692083",
                "count": 0
            },
            {
                "id": "100009193419033",
                "count": 0
            },
            {
                "id": "100003359791187",
                "count": 0
            },
            {
                "id": "61555130190139",
                "count": 0
            },
            {
                "id": "100075493308135",
                "count": 0
            },
            {
                "id": "1280150648",
                "count": 0
            },
            {
                "id": "100078345831449",
                "count": 0
            },
            {
                "id": "100003865673118",
                "count": 0
            },
            {
                "id": "61554836739807",
                "count": 0
            }
        ]
    }
}