{
    "total": [
        {
            "id": "100056953342521",
            "count": 0
        },
        {
            "id": "100050371698827",
            "count": 0
        },
        {
            "id": "100001837873386",
            "count": 0
        },
        {
            "id": "100068096370437",
            "count": 1
        },
        {
            "id": "100001838241327",
            "count": 0
        },
        {
            "id": "100009193419033",
            "count": 0
        },
        {
            "id": "100051188707659",
            "count": 0
        }
    ],
    "week": [
        {
            "id": "100056953342521",
            "count": 0,
            "name": "Phan Thanh Uan"
        },
        {
            "id": "100050371698827",
            "count": 0,
            "name": "Khang Quách"
        },
        {
            "id": "100001837873386",
            "count": 0,
            "name": "Trần Thị Kim Anh"
        },
        {
            "id": "100068096370437",
            "count": 0,
            "name": "Phạm Minh Đồng"
        },
        {
            "id": "100001838241327",
            "count": 0,
            "name": "Phương Anh Thị Trần"
        },
        {
            "id": "100009193419033",
            "count": 0,
            "name": "Người dùng Facebook"
        },
        {
            "id": "100051188707659",
            "count": 0,
            "name": "Hoang Quang"
        }
    ],
    "day": [
        {
            "id": "100056953342521",
            "count": 0,
            "name": "Người dùng facebook"
        },
        {
            "id": "100050371698827",
            "count": 0,
            "name": "Người dùng facebook"
        },
        {
            "id": "100001837873386",
            "count": 0,
            "name": "Trần Thị Kim Anh"
        },
        {
            "id": "100068096370437",
            "count": 0,
            "name": "Phạm Minh Đồng"
        },
        {
            "id": "100001838241327",
            "count": 0,
            "name": "Phương Anh Thị Trần"
        },
        {
            "id": "100009193419033",
            "count": 0,
            "name": "Người dùng facebook"
        },
        {
            "id": "100051188707659",
            "count": 0,
            "name": "Người dùng facebook"
        }
    ],
    "time": 6,
    "last": {
        "time": 6,
        "day": [
            {
                "id": "100056953342521",
                "count": 0
            },
            {
                "id": "100050371698827",
                "count": 0
            },
            {
                "id": "100001837873386",
                "count": 0
            },
            {
                "id": "100068096370437",
                "count": 0
            },
            {
                "id": "100001838241327",
                "count": 0
            },
            {
                "id": "100009193419033",
                "count": 0
            },
            {
                "id": "100051188707659",
                "count": 0
            }
        ],
        "week": [
            {
                "id": "100056953342521",
                "count": 0
            },
            {
                "id": "100050371698827",
                "count": 0
            },
            {
                "id": "100001837873386",
                "count": 0
            },
            {
                "id": "100068096370437",
                "count": 0
            },
            {
                "id": "100001838241327",
                "count": 0
            },
            {
                "id": "100009193419033",
                "count": 0
            },
            {
                "id": "100051188707659",
                "count": 0
            }
        ]
    }
}