{
    "total": [
        {
            "id": "61555145017202",
            "count": 0
        },
        {
            "id": "100070270132751",
            "count": 3
        },
        {
            "id": "61551005948404",
            "count": 0
        },
        {
            "id": "100024808777175",
            "count": 0
        },
        {
            "id": "100081310391522",
            "count": 0
        },
        {
            "id": "100078676774048",
            "count": 0
        },
        {
            "id": "61552520901886",
            "count": 0
        },
        {
            "id": "100046987322932",
            "count": 0
        },
        {
            "id": "61550600006551",
            "count": 0
        },
        {
            "id": "100056041291504",
            "count": 27
        },
        {
            "id": "100079339675014",
            "count": 17
        },
        {
            "id": "61554522400674",
            "count": 0
        },
        {
            "id": "100001837873386",
            "count": 0
        },
        {
            "id": "61555262941765",
            "count": 12
        },
        {
            "id": "100089008973608",
            "count": 1
        },
        {
            "id": "100082484799165",
            "count": 0
        },
        {
            "id": "100090396837745",
            "count": 0
        },
        {
            "id": "61555045767499",
            "count": 0
        },
        {
            "id": "100084203931732",
            "count": 7
        },
        {
            "id": "100093063092903",
            "count": 0
        },
        {
            "id": "100090206645874",
            "count": 1
        }
    ],
    "week": [
        {
            "id": "61555145017202",
            "count": 0,
            "name": "Nghii Huỳnh"
        },
        {
            "id": "100070270132751",
            "count": 0,
            "name": "Tr Minh Phuong"
        },
        {
            "id": "61551005948404",
            "count": 0,
            "name": "NgTran Mphh"
        },
        {
            "id": "100024808777175",
            "count": 0,
            "name": "ʚXoài Chấm Muốiɞ"
        },
        {
            "id": "100081310391522",
            "count": 0,
            "name": "Tr Ng Hoang Tuann"
        },
        {
            "id": "100078676774048",
            "count": 0,
            "name": "Đỗ Qanhh"
        },
        {
            "id": "61552520901886",
            "count": 0,
            "name": "Người dùng Facebook"
        },
        {
            "id": "100046987322932",
            "count": 0,
            "name": "Quốc Hưng"
        },
        {
            "id": "61550600006551",
            "count": 0,
            "name": "Tngocc Hoangg Naa"
        },
        {
            "id": "100056041291504",
            "count": 0,
            "name": "Ngọc Huyền"
        },
        {
            "id": "100079339675014",
            "count": 0,
            "name": "Nguyễn Doanh"
        },
        {
            "id": "61554522400674",
            "count": 0,
            "name": "Người dùng Facebook"
        },
        {
            "id": "100001837873386",
            "count": 0,
            "name": "Trần Thị Kim Anh"
        },
        {
            "id": "61555262941765",
            "count": 0,
            "name": "Tuyết Nguyệt Nhi"
        },
        {
            "id": "100089008973608",
            "count": 0,
            "name": "𝑻𝒉𝒊𝒆̂𝒏 𝑵𝒈𝒐̣𝒄"
        },
        {
            "id": "100082484799165",
            "count": 0,
            "name": "Hàz Chiz"
        },
        {
            "id": "100090396837745",
            "count": 0,
            "name": "ʚKiềuu Huỳnhh Ngọcc Linhhɞ"
        },
        {
            "id": "61555045767499",
            "count": 0,
            "name": "QNhuw Ng"
        },
        {
            "id": "100084203931732",
            "count": 0,
            "name": "ImLặng NàocôBé CủaAnh"
        },
        {
            "id": "100093063092903",
            "count": 0,
            "name": "Phan Thị Bảo Ngọc"
        },
        {
            "id": "100090206645874",
            "count": 0,
            "name": "Châuu Bảo"
        }
    ],
    "day": [
        {
            "id": "61555145017202",
            "count": 0,
            "name": "Người dùng facebook"
        },
        {
            "id": "100070270132751",
            "count": 0,
            "name": "Người dùng facebook"
        },
        {
            "id": "61551005948404",
            "count": 0,
            "name": "Người dùng facebook"
        },
        {
            "id": "100024808777175",
            "count": 0,
            "name": "Người dùng facebook"
        },
        {
            "id": "100081310391522",
            "count": 0,
            "name": "Người dùng facebook"
        },
        {
            "id": "100078676774048",
            "count": 0,
            "name": "Người dùng facebook"
        },
        {
            "id": "61552520901886",
            "count": 0,
            "name": "Người dùng facebook"
        },
        {
            "id": "100046987322932",
            "count": 0,
            "name": "Người dùng facebook"
        },
        {
            "id": "61550600006551",
            "count": 0,
            "name": "Người dùng facebook"
        },
        {
            "id": "100056041291504",
            "count": 0,
            "name": "Người dùng facebook"
        },
        {
            "id": "100079339675014",
            "count": 0,
            "name": "Người dùng facebook"
        },
        {
            "id": "61554522400674",
            "count": 0,
            "name": "Người dùng facebook"
        },
        {
            "id": "100001837873386",
            "count": 0,
            "name": "Trần Thị Kim Anh"
        },
        {
            "id": "61555262941765",
            "count": 0,
            "name": "Người dùng facebook"
        },
        {
            "id": "100089008973608",
            "count": 0,
            "name": "Người dùng facebook"
        },
        {
            "id": "100082484799165",
            "count": 0,
            "name": "Người dùng facebook"
        },
        {
            "id": "100090396837745",
            "count": 0,
            "name": "Người dùng facebook"
        },
        {
            "id": "61555045767499",
            "count": 0,
            "name": "Người dùng facebook"
        },
        {
            "id": "100084203931732",
            "count": 0,
            "name": "Người dùng facebook"
        },
        {
            "id": "100093063092903",
            "count": 0,
            "name": "Người dùng facebook"
        },
        {
            "id": "100090206645874",
            "count": 0,
            "name": "Người dùng facebook"
        }
    ],
    "time": 6,
    "last": {
        "time": 4,
        "day": [
            {
                "id": "61555145017202",
                "count": 0
            },
            {
                "id": "100070270132751",
                "count": 0
            },
            {
                "id": "61551005948404",
                "count": 0
            },
            {
                "id": "100024808777175",
                "count": 0
            },
            {
                "id": "100081310391522",
                "count": 0
            },
            {
                "id": "100078676774048",
                "count": 0
            },
            {
                "id": "61552520901886",
                "count": 0
            },
            {
                "id": "100046987322932",
                "count": 0
            },
            {
                "id": "61550600006551",
                "count": 0
            },
            {
                "id": "100056041291504",
                "count": 0
            },
            {
                "id": "100079339675014",
                "count": 0
            },
            {
                "id": "61554522400674",
                "count": 0
            },
            {
                "id": "100001837873386",
                "count": 0
            },
            {
                "id": "61555262941765",
                "count": 0
            },
            {
                "id": "100089008973608",
                "count": 0
            },
            {
                "id": "100082484799165",
                "count": 0
            },
            {
                "id": "100090396837745",
                "count": 0
            },
            {
                "id": "61555045767499",
                "count": 0
            },
            {
                "id": "100084203931732",
                "count": 0
            },
            {
                "id": "100093063092903",
                "count": 0
            },
            {
                "id": "100090206645874",
                "count": 0
            }
        ],
        "week": [
            {
                "id": "61555145017202",
                "count": 0
            },
            {
                "id": "100070270132751",
                "count": 0
            },
            {
                "id": "61551005948404",
                "count": 0
            },
            {
                "id": "100024808777175",
                "count": 0
            },
            {
                "id": "100081310391522",
                "count": 0
            },
            {
                "id": "100078676774048",
                "count": 0
            },
            {
                "id": "61552520901886",
                "count": 0
            },
            {
                "id": "100046987322932",
                "count": 0
            },
            {
                "id": "61550600006551",
                "count": 0
            },
            {
                "id": "100056041291504",
                "count": 0
            },
            {
                "id": "100079339675014",
                "count": 0
            },
            {
                "id": "61554522400674",
                "count": 0
            },
            {
                "id": "100001837873386",
                "count": 0
            },
            {
                "id": "61555262941765",
                "count": 0
            },
            {
                "id": "100089008973608",
                "count": 0
            },
            {
                "id": "100082484799165",
                "count": 0
            },
            {
                "id": "100090396837745",
                "count": 0
            },
            {
                "id": "61555045767499",
                "count": 0
            },
            {
                "id": "100084203931732",
                "count": 0
            },
            {
                "id": "100093063092903",
                "count": 0
            },
            {
                "id": "100090206645874",
                "count": 0
            }
        ]
    }
}