{
    "total": [
        {
            "id": "100050671301677",
            "count": 689
        },
        {
            "id": "100078644937656",
            "count": 0
        },
        {
            "id": "100051451965796",
            "count": 70
        },
        {
            "id": "100074224563535",
            "count": 271
        },
        {
            "id": "100051225465219",
            "count": 0
        },
        {
            "id": "100044812944278",
            "count": 0
        },
        {
            "id": "100077980504363",
            "count": 748
        },
        {
            "id": "100069864945865",
            "count": 0
        },
        {
            "id": "100073311773326",
            "count": 0
        },
        {
            "id": "832704028",
            "count": 112
        },
        {
            "id": "100074007695250",
            "count": 4
        },
        {
            "id": "100067508386723",
            "count": 705
        },
        {
            "id": "100037741424837",
            "count": 22
        },
        {
            "id": "61553314901540",
            "count": 123
        },
        {
            "id": "61550941926291",
            "count": 4
        },
        {
            "id": "100030860482751",
            "count": 0
        },
        {
            "id": "100083205727767",
            "count": 5
        },
        {
            "id": "61554533647809",
            "count": 139
        },
        {
            "id": "100000154104641",
            "count": 0
        },
        {
            "id": "100088945377771",
            "count": 5
        },
        {
            "id": "100073889114412",
            "count": 22
        },
        {
            "id": "100006206688107",
            "count": 0
        },
        {
            "id": "61551120508642",
            "count": 0
        },
        {
            "id": "61555631507091",
            "count": 0
        },
        {
            "id": "61551251459640",
            "count": 124
        },
        {
            "id": "61555731088473",
            "count": 0
        },
        {
            "id": "100058149848731",
            "count": 249
        },
        {
            "id": "100090522207138",
            "count": 0
        },
        {
            "id": "100085130240990",
            "count": 52
        },
        {
            "id": "100087652159146",
            "count": 0
        },
        {
            "id": "100062426421455",
            "count": 71
        },
        {
            "id": "61555310775065",
            "count": 0
        },
        {
            "id": "100086405431705",
            "count": 5
        },
        {
            "id": "100085073240621",
            "count": 16
        },
        {
            "id": "100005297585589",
            "count": 0
        },
        {
            "id": "100068096370437",
            "count": 519
        },
        {
            "id": "100092504626324",
            "count": 0
        },
        {
            "id": "100001837873386",
            "count": 0
        },
        {
            "id": "100009193419033",
            "count": 0
        },
        {
            "id": "100000745531418",
            "count": 83
        },
        {
            "id": "100027187763993",
            "count": 10
        },
        {
            "id": "100037299937447",
            "count": 1
        }
    ],
    "week": [
        {
            "id": "100050671301677",
            "count": 160,
            "name": " 👾 ⒽⒾⒺⓊ Hackk Cơoo🧸😈😡🇭 🇮 🇪 🇺 🇻🇳✓"
        },
        {
            "id": "100078644937656",
            "count": 0,
            "name": "Nguyễn Văn Kiên"
        },
        {
            "id": "100051451965796",
            "count": 49,
            "name": "Nguyễn hiệp🧸❤️‍🩹"
        },
        {
            "id": "100074224563535",
            "count": 9,
            "name": "Bui Cong Duc"
        },
        {
            "id": "100051225465219",
            "count": 0,
            "name": "An Vũ"
        },
        {
            "id": "100044812944278",
            "count": 0,
            "name": "Thành Bá"
        },
        {
            "id": "100077980504363",
            "count": 0,
            "name": "Hoàng Quyết Tiến"
        },
        {
            "id": "100069864945865",
            "count": 0,
            "name": "Đặng Văn Lịnh"
        },
        {
            "id": "100073311773326",
            "count": 0,
            "name": "Duck Hauj"
        },
        {
            "id": "832704028",
            "count": 0,
            "name": "Nguyễn Thanh Mài"
        },
        {
            "id": "100074007695250",
            "count": 0,
            "name": "Đào Trườngg✌️❤️‍🩹"
        },
        {
            "id": "100067508386723",
            "count": 23,
            "name": "Phạm Hữu Tài"
        },
        {
            "id": "100037741424837",
            "count": 12,
            "name": "Cao Chung Đạt"
        },
        {
            "id": "61553314901540",
            "count": 0,
            "name": "Thái Hà Trương"
        },
        {
            "id": "61550941926291",
            "count": 4,
            "name": "Cao Chung Đạt "
        },
        {
            "id": "100030860482751",
            "count": 0,
            "name": "Nguyễn Hữu Trường An"
        },
        {
            "id": "100083205727767",
            "count": 0,
            "name": "Văn Tài 🧸💤 "
        },
        {
            "id": "61554533647809",
            "count": 9,
            "name": "Vũ Thành Trung"
        },
        {
            "id": "100000154104641",
            "count": 0,
            "name": "𝑵𝒈𝒖𝒚𝒆̂̃𝒏 𝑯𝒖̛̃𝒖 𝑯𝒖𝒚 𝑩𝒂̉𝒐"
        },
        {
            "id": "100088945377771",
            "count": 0,
            "name": "Phan Công Hoà"
        },
        {
            "id": "100073889114412",
            "count": 0,
            "name": "𝑳𝒆 𝑩𝒂 𝑩𝒂𝒄𝒉"
        },
        {
            "id": "100006206688107",
            "count": 0,
            "name": "Người dùng Facebook"
        },
        {
            "id": "61551120508642",
            "count": 0,
            "name": "𓂄𓆩𑁍 Ngàу Hôm Ấу 𖤛 Em Buông Taу Anh Vì Lý Do Gì 𖤤 Người Hãу Nói Đi 𖥂Đừng Bắt Anh Phải Nghĩ Suу 𖠺 Để Rồi Từng Đêm Thao Thức Lệ Tràn Ướt Đôi Khóe Mi 𓈷 Ϲũng Chỉ Bởi Vì Em Ra Đi Chẳng Lời Biệt Lу ꫞ Rồi Những Ngày Qua Anh Phải Sống Trong Nỗi Cô Đơn 𓅳 Phố Đông Tim Lạnh Lòng Saу Mình Anh Hiu Quạnh 𓆦 Giờ Em Nơi Đâu 𓆏 Xin Hãу Trả Lời Một Lần Anh Đi 𓃰𓆪𓂁"
        },
        {
            "id": "61555631507091",
            "count": 0,
            "name": "Bùi Công Đức"
        },
        {
            "id": "61551251459640",
            "count": 13,
            "name": "Gấu"
        },
        {
            "id": "61555731088473",
            "count": 0,
            "name": "Nguyễn Linh"
        },
        {
            "id": "100058149848731",
            "count": 0,
            "name": "𝓗ồ 𝓗𝓲ế𝓾 𓀁 Luật Facebook Anh Chơi Bằng Report 𓆣 Hắc Bay Acc Những Đứa Nói Yêu Em 𓃓 Yêu Nhau Hai Chữ Chung Tình 𓆤 Chia Tay Bốn Chữ Không Tìm Thấy Trang 𓆉 Lỡ Một Ngày Em Theo Thằng 𓆈 Khác Anh Đau Lòng Nhưng Không Khóc Đâu Em 𓃰 Miệng Mỉm Cười Nói Với Em Câu 𓆦 Cuối Thôi Đừng Buồn Lập Nick Mới Đi Em 𓃰"
        },
        {
            "id": "100090522207138",
            "count": 0,
            "name": "Trần Nhi"
        },
        {
            "id": "100085130240990",
            "count": 9,
            "name": "Lê Bá Bách ❤️‍🔥"
        },
        {
            "id": "100087652159146",
            "count": 0,
            "name": "Lê Bá Bách ❤️‍🔥"
        },
        {
            "id": "100062426421455",
            "count": 1,
            "name": "𓇻 𝑵𝒈𝒖𝒚𝒆̂̃𝒏 𝑻𝒉𝒂𝒏𝒉 𝑴𝒂̀𝒊 3:)"
        },
        {
            "id": "61555310775065",
            "count": 0,
            "name": "Người dùng Facebook"
        },
        {
            "id": "100086405431705",
            "count": 1,
            "name": "Ho Ngoc Anh Thu"
        },
        {
            "id": "100085073240621",
            "count": 0,
            "name": "Dang Gia Khanh"
        },
        {
            "id": "100005297585589",
            "count": 0,
            "name": "Người dùng Facebook"
        },
        {
            "id": "100068096370437",
            "count": 57,
            "name": "Phạm Minh Đồng"
        },
        {
            "id": "100092504626324",
            "count": 0,
            "name": "𓇻 𝑇ℎ𝑎̀𝑛ℎ 𝑇𝑟𝑢𝑛𝑔 獨 ʕ•̫͡•ʔ"
        },
        {
            "id": "100001837873386",
            "count": 0,
            "name": "Trần Thị Kim Anh"
        },
        {
            "id": "100009193419033",
            "count": 0,
            "name": "Người dùng Facebook"
        },
        {
            "id": "100000745531418",
            "count": 33,
            "name": "️️️️️️️️️️️️️️️️️️️️️️️️️️️️️️️️️️️️️️️️️️️️️️️️️️️️️️️️️️️️️️️️️️️️️️️️️️️️️️️️️️️️️ ️️️️️️️️️️️️️️️️️️️️️️️️️️️️️️️️️️️️️️️️️️️️️️️️️️️️️️️️️️️️️️️️️️️️️️️️️️️️️️️️️️️️️"
        },
        {
            "id": "100027187763993",
            "count": 9,
            "name": "Vũ Thành Trung"
        },
        {
            "id": "100037299937447",
            "count": 1
        }
    ],
    "day": [
        {
            "id": "100050671301677",
            "count": 0,
            "name": "Người dùng facebook"
        },
        {
            "id": "100078644937656",
            "count": 0,
            "name": "Người dùng facebook"
        },
        {
            "id": "100051451965796",
            "count": 0,
            "name": "Người dùng facebook"
        },
        {
            "id": "100074224563535",
            "count": 0,
            "name": "Người dùng facebook"
        },
        {
            "id": "100051225465219",
            "count": 0,
            "name": "Người dùng facebook"
        },
        {
            "id": "100044812944278",
            "count": 0,
            "name": "Người dùng facebook"
        },
        {
            "id": "100077980504363",
            "count": 0,
            "name": "Người dùng facebook"
        },
        {
            "id": "100069864945865",
            "count": 0,
            "name": "Người dùng facebook"
        },
        {
            "id": "100073311773326",
            "count": 0,
            "name": "Người dùng facebook"
        },
        {
            "id": "832704028",
            "count": 0,
            "name": "Người dùng facebook"
        },
        {
            "id": "100074007695250",
            "count": 0,
            "name": "Người dùng facebook"
        },
        {
            "id": "100067508386723",
            "count": 0,
            "name": "Người dùng facebook"
        },
        {
            "id": "100037741424837",
            "count": 0,
            "name": "Người dùng facebook"
        },
        {
            "id": "61553314901540",
            "count": 0,
            "name": "Người dùng facebook"
        },
        {
            "id": "61550941926291",
            "count": 0,
            "name": "Người dùng facebook"
        },
        {
            "id": "100030860482751",
            "count": 0,
            "name": "Người dùng facebook"
        },
        {
            "id": "100083205727767",
            "count": 0,
            "name": "Người dùng facebook"
        },
        {
            "id": "61554533647809",
            "count": 0,
            "name": "Người dùng facebook"
        },
        {
            "id": "100000154104641",
            "count": 0,
            "name": "Người dùng facebook"
        },
        {
            "id": "100088945377771",
            "count": 0,
            "name": "Người dùng facebook"
        },
        {
            "id": "100073889114412",
            "count": 0,
            "name": "Người dùng facebook"
        },
        {
            "id": "100006206688107",
            "count": 0,
            "name": "Người dùng facebook"
        },
        {
            "id": "61551120508642",
            "count": 0,
            "name": "Người dùng facebook"
        },
        {
            "id": "61555631507091",
            "count": 0,
            "name": "Người dùng facebook"
        },
        {
            "id": "61551251459640",
            "count": 0,
            "name": "Người dùng facebook"
        },
        {
            "id": "61555731088473",
            "count": 0,
            "name": "Người dùng facebook"
        },
        {
            "id": "100058149848731",
            "count": 0,
            "name": "Người dùng facebook"
        },
        {
            "id": "100090522207138",
            "count": 0,
            "name": "Người dùng facebook"
        },
        {
            "id": "100085130240990",
            "count": 0,
            "name": "Người dùng facebook"
        },
        {
            "id": "100087652159146",
            "count": 0,
            "name": "Người dùng facebook"
        },
        {
            "id": "100062426421455",
            "count": 0,
            "name": "Người dùng facebook"
        },
        {
            "id": "61555310775065",
            "count": 0,
            "name": "Người dùng facebook"
        },
        {
            "id": "100086405431705",
            "count": 0,
            "name": "Người dùng facebook"
        },
        {
            "id": "100085073240621",
            "count": 0,
            "name": "Người dùng facebook"
        },
        {
            "id": "100005297585589",
            "count": 0,
            "name": "Người dùng facebook"
        },
        {
            "id": "100068096370437",
            "count": 0,
            "name": "Phạm Minh Đồng"
        },
        {
            "id": "100092504626324",
            "count": 0,
            "name": "Người dùng facebook"
        },
        {
            "id": "100001837873386",
            "count": 0,
            "name": "Trần Thị Kim Anh"
        },
        {
            "id": "100009193419033",
            "count": 0,
            "name": "Người dùng facebook"
        },
        {
            "id": "100000745531418",
            "count": 0,
            "name": "Người dùng facebook"
        },
        {
            "id": "100027187763993",
            "count": 0,
            "name": "Người dùng facebook"
        },
        {
            "id": "100037299937447",
            "count": 0,
            "name": "Người dùng facebook"
        }
    ],
    "time": 6,
    "last": {
        "time": 5,
        "day": [
            {
                "id": "100050671301677",
                "count": 0
            },
            {
                "id": "100078644937656",
                "count": 0
            },
            {
                "id": "100051451965796",
                "count": 0
            },
            {
                "id": "100074224563535",
                "count": 0
            },
            {
                "id": "100051225465219",
                "count": 0
            },
            {
                "id": "100044812944278",
                "count": 0
            },
            {
                "id": "100027187763993",
                "count": 0
            },
            {
                "id": "100077980504363",
                "count": 0
            },
            {
                "id": "100069864945865",
                "count": 0
            },
            {
                "id": "100073311773326",
                "count": 0
            },
            {
                "id": "832704028",
                "count": 0
            },
            {
                "id": "100074007695250",
                "count": 0
            },
            {
                "id": "100067508386723",
                "count": 0
            },
            {
                "id": "100037741424837",
                "count": 0
            },
            {
                "id": "61553314901540",
                "count": 0
            },
            {
                "id": "61550941926291",
                "count": 0
            },
            {
                "id": "100030860482751",
                "count": 0
            },
            {
                "id": "100083205727767",
                "count": 0
            },
            {
                "id": "61554533647809",
                "count": 0
            },
            {
                "id": "100000154104641",
                "count": 0
            },
            {
                "id": "100088945377771",
                "count": 0
            },
            {
                "id": "100073889114412",
                "count": 0
            },
            {
                "id": "100006206688107",
                "count": 0
            },
            {
                "id": "61551120508642",
                "count": 0
            },
            {
                "id": "61555631507091",
                "count": 0
            },
            {
                "id": "100000745531418",
                "count": 0
            },
            {
                "id": "61551251459640",
                "count": 0
            },
            {
                "id": "61555731088473",
                "count": 0
            },
            {
                "id": "100058149848731",
                "count": 0
            },
            {
                "id": "100090522207138",
                "count": 0
            },
            {
                "id": "100085130240990",
                "count": 0
            },
            {
                "id": "100087652159146",
                "count": 0
            },
            {
                "id": "100062426421455",
                "count": 0
            },
            {
                "id": "61555310775065",
                "count": 0
            },
            {
                "id": "100086405431705",
                "count": 0
            },
            {
                "id": "100085073240621",
                "count": 0
            },
            {
                "id": "100005297585589",
                "count": 0
            },
            {
                "id": "100068096370437",
                "count": 0
            },
            {
                "id": "100092504626324",
                "count": 0
            },
            {
                "id": "100001837873386",
                "count": 0
            },
            {
                "id": "100009193419033",
                "count": 0
            },
            {
                "id": "100037299937447",
                "count": 0
            }
        ],
        "week": [
            {
                "id": "100050671301677",
                "count": 0
            },
            {
                "id": "100078644937656",
                "count": 0
            },
            {
                "id": "100051451965796",
                "count": 0
            },
            {
                "id": "100074224563535",
                "count": 0
            },
            {
                "id": "100051225465219",
                "count": 0
            },
            {
                "id": "100044812944278",
                "count": 0
            },
            {
                "id": "100027187763993",
                "count": 0
            },
            {
                "id": "100077980504363",
                "count": 0
            },
            {
                "id": "100069864945865",
                "count": 0
            },
            {
                "id": "100073311773326",
                "count": 0
            },
            {
                "id": "832704028",
                "count": 0
            },
            {
                "id": "100074007695250",
                "count": 0
            },
            {
                "id": "100067508386723",
                "count": 0
            },
            {
                "id": "100037741424837",
                "count": 0
            },
            {
                "id": "61553314901540",
                "count": 0
            },
            {
                "id": "61550941926291",
                "count": 0
            },
            {
                "id": "100030860482751",
                "count": 0
            },
            {
                "id": "100083205727767",
                "count": 0
            },
            {
                "id": "61554533647809",
                "count": 0
            },
            {
                "id": "100000154104641",
                "count": 0
            },
            {
                "id": "100088945377771",
                "count": 0
            },
            {
                "id": "100073889114412",
                "count": 0
            },
            {
                "id": "100006206688107",
                "count": 0
            },
            {
                "id": "61551120508642",
                "count": 0
            },
            {
                "id": "61555631507091",
                "count": 0
            },
            {
                "id": "100000745531418",
                "count": 0
            },
            {
                "id": "61551251459640",
                "count": 0
            },
            {
                "id": "61555731088473",
                "count": 0
            },
            {
                "id": "100058149848731",
                "count": 0
            },
            {
                "id": "100090522207138",
                "count": 0
            },
            {
                "id": "100085130240990",
                "count": 0
            },
            {
                "id": "100087652159146",
                "count": 0
            },
            {
                "id": "100062426421455",
                "count": 0
            },
            {
                "id": "61555310775065",
                "count": 0
            },
            {
                "id": "100086405431705",
                "count": 0
            },
            {
                "id": "100085073240621",
                "count": 0
            },
            {
                "id": "100005297585589",
                "count": 0
            },
            {
                "id": "100068096370437",
                "count": 0
            },
            {
                "id": "100092504626324",
                "count": 0
            },
            {
                "id": "100001837873386",
                "count": 0
            },
            {
                "id": "100009193419033",
                "count": 0
            },
            {
                "id": "100037299937447",
                "count": 0
            }
        ]
    }
}