{
    "total": [
        {
            "id": "100003176645874",
            "count": 825
        },
        {
            "id": "100075945013170",
            "count": 308
        },
        {
            "id": "100013937658810",
            "count": 421
        },
        {
            "id": "100057323146673",
            "count": 118
        },
        {
            "id": "100068096370437",
            "count": 29
        },
        {
            "id": "100012878348976",
            "count": 7
        },
        {
            "id": "100009193419033",
            "count": 0
        },
        {
            "id": "100060359533169",
            "count": 7
        },
        {
            "id": "100056953342521",
            "count": 74
        },
        {
            "id": "100095330057562",
            "count": 0
        },
        {
            "id": "100000710492810",
            "count": 0
        },
        {
            "id": "100008373421436",
            "count": 0
        },
        {
            "id": "100001837873386",
            "count": 0
        },
        {
            "id": "100072519591812",
            "count": 214
        },
        {
            "id": "100001838241327",
            "count": 0
        },
        {
            "id": "100095303389269",
            "count": 3
        },
        {
            "id": "100082479303987",
            "count": 128
        },
        {
            "id": "100047002310087",
            "count": 35
        },
        {
            "id": "100083396784993",
            "count": 33
        },
        {
            "id": "100038997643371",
            "count": 0
        },
        {
            "id": "100094372333971",
            "count": 0
        },
        {
            "id": "100067483601783",
            "count": 9
        },
        {
            "id": "100090446906257",
            "count": 6
        },
        {
            "id": "100093351398923",
            "count": 0
        },
        {
            "id": "100051570734651",
            "count": 16
        },
        {
            "id": "100067968377835",
            "count": 361
        },
        {
            "id": "100083355315987",
            "count": 322
        },
        {
            "id": "100077557906485",
            "count": 0
        },
        {
            "id": "100050371698827",
            "count": 1297
        },
        {
            "id": "100081443079589",
            "count": 56
        },
        {
            "id": "100024582271964",
            "count": 1
        },
        {
            "id": "100057937041704",
            "count": 198
        },
        {
            "id": "100075101415747",
            "count": 119
        },
        {
            "id": "100093972956914",
            "count": 844
        },
        {
            "id": "100018442419412",
            "count": 759
        },
        {
            "id": "100053247260632",
            "count": 78
        },
        {
            "id": "100027499070235",
            "count": 143
        }
    ],
    "week": [
        {
            "id": "100003176645874",
            "count": 111,
            "name": "Nguyen Minh Hieu"
        },
        {
            "id": "100075945013170",
            "count": 19,
            "name": "Phương Hạ"
        },
        {
            "id": "100013937658810",
            "count": 0,
            "name": "Đặng Vũ"
        },
        {
            "id": "100057323146673",
            "count": 10,
            "name": "Hồ Thăng Hưng"
        },
        {
            "id": "100068096370437",
            "count": 0,
            "name": "Phạm Minh Đồng"
        },
        {
            "id": "100012878348976",
            "count": 2,
            "name": "Uyển Nhi"
        },
        {
            "id": "100009193419033",
            "count": 0,
            "name": "Người dùng Facebook"
        },
        {
            "id": "100060359533169",
            "count": 0,
            "name": "Lý.V Mạch"
        },
        {
            "id": "100056953342521",
            "count": 2,
            "name": "Phan Thanh Uan"
        },
        {
            "id": "100095330057562",
            "count": 0,
            "name": "Phan Quân"
        },
        {
            "id": "100000710492810",
            "count": 0,
            "name": "Người dùng Facebook"
        },
        {
            "id": "100008373421436",
            "count": 0,
            "name": "𝑷𝒉𝒂𝒎 𝑴𝒊𝒏𝒉 𝑫𝒐𝒏𝒈 𓅗"
        },
        {
            "id": "100001837873386",
            "count": 0,
            "name": "Trần Thị Kim Anh"
        },
        {
            "id": "100072519591812",
            "count": 9,
            "name": "Thanh Nhân"
        },
        {
            "id": "100001838241327",
            "count": 0,
            "name": "Phương Anh Thị Trần"
        },
        {
            "id": "100095303389269",
            "count": 0,
            "name": "Nguyễn Ngọc Lingk"
        },
        {
            "id": "100082479303987",
            "count": 55,
            "name": "Nguyễn Quang Tấn"
        },
        {
            "id": "100047002310087",
            "count": 4,
            "name": "Bảo Anh"
        },
        {
            "id": "100083396784993",
            "count": 0,
            "name": "Quỳnh Ngọc"
        },
        {
            "id": "100038997643371",
            "count": 0,
            "name": "下月 シロン"
        },
        {
            "id": "100094372333971",
            "count": 0,
            "name": "Nguyễn Thị Thanh Lâm"
        },
        {
            "id": "100067483601783",
            "count": 4,
            "name": "Nguyễn Dương"
        },
        {
            "id": "100090446906257",
            "count": 0,
            "name": "Cn Rua"
        },
        {
            "id": "100093351398923",
            "count": 0,
            "name": "Linh Phuong"
        },
        {
            "id": "100051570734651",
            "count": 0,
            "name": "Ngọc Sơn"
        },
        {
            "id": "100067968377835",
            "count": 0,
            "name": "Mỹ Duyênn"
        },
        {
            "id": "100083355315987",
            "count": 18,
            "name": "Hoàng Ngọc Kiều Thư"
        },
        {
            "id": "100077557906485",
            "count": 0,
            "name": "Kenz Sadboiiz"
        },
        {
            "id": "100050371698827",
            "count": 59,
            "name": "Khang Quách"
        },
        {
            "id": "100081443079589",
            "count": 2,
            "name": "Tùn Văn Tũn"
        },
        {
            "id": "100024582271964",
            "count": 0,
            "name": "Phuong Thao"
        },
        {
            "id": "100057937041704",
            "count": 11,
            "name": "Trần Ngọc Trâm Anh"
        },
        {
            "id": "100075101415747",
            "count": 5,
            "name": "Ebe Vân"
        },
        {
            "id": "100093972956914",
            "count": 0,
            "name": "Thùy Dương"
        },
        {
            "id": "100018442419412",
            "count": 5,
            "name": "Hà Sương"
        },
        {
            "id": "100053247260632",
            "count": 0,
            "name": "Trần Gia Khiêm"
        },
        {
            "id": "100027499070235",
            "count": 23,
            "name": "Đào Nguyễn Duy Thắng"
        }
    ],
    "day": [
        {
            "id": "100003176645874",
            "count": 0,
            "name": "Người dùng facebook"
        },
        {
            "id": "100075945013170",
            "count": 0,
            "name": "Người dùng facebook"
        },
        {
            "id": "100013937658810",
            "count": 0,
            "name": "Người dùng facebook"
        },
        {
            "id": "100057323146673",
            "count": 0,
            "name": "Người dùng facebook"
        },
        {
            "id": "100068096370437",
            "count": 0,
            "name": "Phạm Minh Đồng"
        },
        {
            "id": "100012878348976",
            "count": 0,
            "name": "Người dùng facebook"
        },
        {
            "id": "100009193419033",
            "count": 0,
            "name": "Người dùng facebook"
        },
        {
            "id": "100060359533169",
            "count": 0,
            "name": "Người dùng facebook"
        },
        {
            "id": "100056953342521",
            "count": 0,
            "name": "Người dùng facebook"
        },
        {
            "id": "100095330057562",
            "count": 0,
            "name": "Người dùng facebook"
        },
        {
            "id": "100000710492810",
            "count": 0,
            "name": "Người dùng facebook"
        },
        {
            "id": "100008373421436",
            "count": 0,
            "name": "Người dùng Facebook"
        },
        {
            "id": "100001837873386",
            "count": 0,
            "name": "Trần Thị Kim Anh"
        },
        {
            "id": "100072519591812",
            "count": 0,
            "name": "Người dùng facebook"
        },
        {
            "id": "100001838241327",
            "count": 0,
            "name": "Phương Anh Thị Trần"
        },
        {
            "id": "100095303389269",
            "count": 0,
            "name": "Người dùng facebook"
        },
        {
            "id": "100082479303987",
            "count": 0,
            "name": "Người dùng facebook"
        },
        {
            "id": "100047002310087",
            "count": 0,
            "name": "Người dùng facebook"
        },
        {
            "id": "100083396784993",
            "count": 0,
            "name": "Người dùng facebook"
        },
        {
            "id": "100038997643371",
            "count": 0,
            "name": "Người dùng facebook"
        },
        {
            "id": "100094372333971",
            "count": 0,
            "name": "Người dùng facebook"
        },
        {
            "id": "100067483601783",
            "count": 0,
            "name": "Người dùng facebook"
        },
        {
            "id": "100090446906257",
            "count": 0,
            "name": "Người dùng facebook"
        },
        {
            "id": "100093351398923",
            "count": 0,
            "name": "Người dùng facebook"
        },
        {
            "id": "100051570734651",
            "count": 0,
            "name": "Người dùng facebook"
        },
        {
            "id": "100067968377835",
            "count": 0,
            "name": "Người dùng facebook"
        },
        {
            "id": "100083355315987",
            "count": 0,
            "name": "Người dùng facebook"
        },
        {
            "id": "100077557906485",
            "count": 0,
            "name": "Người dùng facebook"
        },
        {
            "id": "100050371698827",
            "count": 0,
            "name": "Người dùng facebook"
        },
        {
            "id": "100081443079589",
            "count": 0,
            "name": "Người dùng facebook"
        },
        {
            "id": "100024582271964",
            "count": 0,
            "name": "Người dùng facebook"
        },
        {
            "id": "100057937041704",
            "count": 0,
            "name": "Người dùng facebook"
        },
        {
            "id": "100075101415747",
            "count": 0,
            "name": "Người dùng facebook"
        },
        {
            "id": "100093972956914",
            "count": 0,
            "name": "Người dùng facebook"
        },
        {
            "id": "100018442419412",
            "count": 0,
            "name": "Người dùng facebook"
        },
        {
            "id": "100053247260632",
            "count": 0,
            "name": "Người dùng facebook"
        },
        {
            "id": "100027499070235",
            "count": 0,
            "name": "Người dùng facebook"
        }
    ],
    "time": 6,
    "last": {
        "time": 4,
        "day": [
            {
                "id": "100003176645874",
                "count": 0
            },
            {
                "id": "100075945013170",
                "count": 0
            },
            {
                "id": "100013937658810",
                "count": 0
            },
            {
                "id": "100057323146673",
                "count": 0
            },
            {
                "id": "100068096370437",
                "count": 0
            },
            {
                "id": "100012878348976",
                "count": 0
            },
            {
                "id": "100009193419033",
                "count": 0
            },
            {
                "id": "100060359533169",
                "count": 0
            },
            {
                "id": "100056953342521",
                "count": 0
            },
            {
                "id": "100095330057562",
                "count": 0
            },
            {
                "id": "100000710492810",
                "count": 0
            },
            {
                "id": "100008373421436",
                "count": 0
            },
            {
                "id": "100001837873386",
                "count": 0
            },
            {
                "id": "100072519591812",
                "count": 0
            },
            {
                "id": "100001838241327",
                "count": 0
            },
            {
                "id": "100095303389269",
                "count": 0
            },
            {
                "id": "100082479303987",
                "count": 0
            },
            {
                "id": "100047002310087",
                "count": 0
            },
            {
                "id": "100083396784993",
                "count": 0
            },
            {
                "id": "100038997643371",
                "count": 0
            },
            {
                "id": "100094372333971",
                "count": 0
            },
            {
                "id": "100067483601783",
                "count": 0
            },
            {
                "id": "100090446906257",
                "count": 0
            },
            {
                "id": "100093351398923",
                "count": 0
            },
            {
                "id": "100084124603284",
                "count": 0
            },
            {
                "id": "100051570734651",
                "count": 0
            },
            {
                "id": "100067968377835",
                "count": 0
            },
            {
                "id": "61550703083726",
                "count": 0
            },
            {
                "id": "100083355315987",
                "count": 0
            },
            {
                "id": "100077557906485",
                "count": 0
            },
            {
                "id": "100050371698827",
                "count": 0
            },
            {
                "id": "100081443079589",
                "count": 0
            },
            {
                "id": "100024582271964",
                "count": 0
            },
            {
                "id": "100057937041704",
                "count": 0
            },
            {
                "id": "100046384474794",
                "count": 0
            },
            {
                "id": "100075101415747",
                "count": 0
            },
            {
                "id": "100080298626180",
                "count": 0
            },
            {
                "id": "100093972956914",
                "count": 0
            },
            {
                "id": "100018442419412",
                "count": 0
            },
            {
                "id": "100053247260632",
                "count": 0
            },
            {
                "id": "100027499070235",
                "count": 0
            }
        ],
        "week": [
            {
                "id": "100003176645874",
                "count": 0
            },
            {
                "id": "100075945013170",
                "count": 0
            },
            {
                "id": "100013937658810",
                "count": 0
            },
            {
                "id": "100057323146673",
                "count": 0
            },
            {
                "id": "100068096370437",
                "count": 0
            },
            {
                "id": "100012878348976",
                "count": 0
            },
            {
                "id": "100009193419033",
                "count": 0
            },
            {
                "id": "100060359533169",
                "count": 0
            },
            {
                "id": "100056953342521",
                "count": 0
            },
            {
                "id": "100095330057562",
                "count": 0
            },
            {
                "id": "100000710492810",
                "count": 0
            },
            {
                "id": "100008373421436",
                "count": 0
            },
            {
                "id": "100001837873386",
                "count": 0
            },
            {
                "id": "100072519591812",
                "count": 0
            },
            {
                "id": "100001838241327",
                "count": 0
            },
            {
                "id": "100095303389269",
                "count": 0
            },
            {
                "id": "100082479303987",
                "count": 0
            },
            {
                "id": "100047002310087",
                "count": 0
            },
            {
                "id": "100083396784993",
                "count": 0
            },
            {
                "id": "100038997643371",
                "count": 0
            },
            {
                "id": "100094372333971",
                "count": 0
            },
            {
                "id": "100067483601783",
                "count": 0
            },
            {
                "id": "100090446906257",
                "count": 0
            },
            {
                "id": "100093351398923",
                "count": 0
            },
            {
                "id": "100084124603284",
                "count": 0
            },
            {
                "id": "100051570734651",
                "count": 0
            },
            {
                "id": "100067968377835",
                "count": 0
            },
            {
                "id": "61550703083726",
                "count": 0
            },
            {
                "id": "100083355315987",
                "count": 0
            },
            {
                "id": "100077557906485",
                "count": 0
            },
            {
                "id": "100050371698827",
                "count": 0
            },
            {
                "id": "100081443079589",
                "count": 0
            },
            {
                "id": "100024582271964",
                "count": 0
            },
            {
                "id": "100057937041704",
                "count": 0
            },
            {
                "id": "100046384474794",
                "count": 0
            },
            {
                "id": "100075101415747",
                "count": 0
            },
            {
                "id": "100080298626180",
                "count": 0
            },
            {
                "id": "100093972956914",
                "count": 0
            },
            {
                "id": "100018442419412",
                "count": 0
            },
            {
                "id": "100053247260632",
                "count": 0
            },
            {
                "id": "100027499070235",
                "count": 0
            }
        ]
    }
}