{
    "total": [
        {
            "id": "100079339675014",
            "count": 2
        },
        {
            "id": "100001838241327",
            "count": 0
        },
        {
            "id": "100011000286746",
            "count": 0
        },
        {
            "id": "100029361232057",
            "count": 0
        },
        {
            "id": "100001837873386",
            "count": 0
        },
        {
            "id": "100085927161695",
            "count": 0
        },
        {
            "id": "100009193419033",
            "count": 0
        },
        {
            "id": "100001305769791",
            "count": 0
        },
        {
            "id": "100000710492810",
            "count": 0
        },
        {
            "id": "100008373421436",
            "count": 0
        },
        {
            "id": "61550993638071",
            "count": 0
        },
        {
            "id": "100068637307313",
            "count": 0
        },
        {
            "id": "61554522400674",
            "count": 0
        },
        {
            "id": "61556205354770",
            "count": 0
        }
    ],
    "week": [
        {
            "id": "100079339675014",
            "count": 0,
            "name": "Nguyễn Doanh"
        },
        {
            "id": "100001838241327",
            "count": 0,
            "name": "Phương Anh Thị Trần"
        },
        {
            "id": "100011000286746",
            "count": 0,
            "name": "Ánh Ngọc Nguyễn"
        },
        {
            "id": "100029361232057",
            "count": 0,
            "name": "Bim Bim"
        },
        {
            "id": "100001837873386",
            "count": 0,
            "name": "Trần Thị Kim Anh"
        },
        {
            "id": "100085927161695",
            "count": 0,
            "name": "Phạm Huy"
        },
        {
            "id": "100009193419033",
            "count": 0,
            "name": "Người dùng Facebook"
        },
        {
            "id": "100001305769791",
            "count": 0,
            "name": "Huỳnh Trúc Phương"
        },
        {
            "id": "100000710492810",
            "count": 0,
            "name": "Người dùng Facebook"
        },
        {
            "id": "100008373421436",
            "count": 0,
            "name": "𝑷𝒉𝒂𝒎 𝑴𝒊𝒏𝒉 𝑫𝒐𝒏𝒈 𓅗"
        },
        {
            "id": "61550993638071",
            "count": 0,
            "name": "Trần Thị Bích Ngọc"
        },
        {
            "id": "100068637307313",
            "count": 0,
            "name": "Trần Nam"
        },
        {
            "id": "61554522400674",
            "count": 0,
            "name": "Người dùng Facebook"
        },
        {
            "id": "61556205354770",
            "count": 0,
            "name": "Hân Mai"
        }
    ],
    "day": [
        {
            "id": "100079339675014",
            "count": 0,
            "name": "Người dùng facebook"
        },
        {
            "id": "100001838241327",
            "count": 0,
            "name": "Phương Anh Thị Trần"
        },
        {
            "id": "100011000286746",
            "count": 0,
            "name": "Người dùng facebook"
        },
        {
            "id": "100029361232057",
            "count": 0,
            "name": "Người dùng facebook"
        },
        {
            "id": "100001837873386",
            "count": 0,
            "name": "Trần Thị Kim Anh"
        },
        {
            "id": "100085927161695",
            "count": 0,
            "name": "Người dùng facebook"
        },
        {
            "id": "100009193419033",
            "count": 0,
            "name": "Người dùng facebook"
        },
        {
            "id": "100001305769791",
            "count": 0,
            "name": "Huỳnh Trúc Phương"
        },
        {
            "id": "100000710492810",
            "count": 0,
            "name": "Người dùng facebook"
        },
        {
            "id": "100008373421436",
            "count": 0,
            "name": "Người dùng Facebook"
        },
        {
            "id": "61550993638071",
            "count": 0,
            "name": "Người dùng facebook"
        },
        {
            "id": "100068637307313",
            "count": 0,
            "name": "Người dùng facebook"
        },
        {
            "id": "61554522400674",
            "count": 0,
            "name": "Người dùng facebook"
        },
        {
            "id": "61556205354770",
            "count": 0,
            "name": "Người dùng facebook"
        }
    ],
    "time": 6,
    "last": {
        "time": 4,
        "day": [
            {
                "id": "100079339675014",
                "count": 0
            },
            {
                "id": "100001838241327",
                "count": 0
            },
            {
                "id": "100011000286746",
                "count": 0
            },
            {
                "id": "100029361232057",
                "count": 0
            },
            {
                "id": "100001837873386",
                "count": 0
            },
            {
                "id": "100085927161695",
                "count": 0
            },
            {
                "id": "100009193419033",
                "count": 0
            },
            {
                "id": "100001305769791",
                "count": 0
            },
            {
                "id": "100000710492810",
                "count": 0
            },
            {
                "id": "100008373421436",
                "count": 0
            },
            {
                "id": "61550993638071",
                "count": 0
            },
            {
                "id": "100068637307313",
                "count": 0
            },
            {
                "id": "61554522400674",
                "count": 0
            },
            {
                "id": "61556205354770",
                "count": 0
            }
        ],
        "week": [
            {
                "id": "100079339675014",
                "count": 0
            },
            {
                "id": "100001838241327",
                "count": 0
            },
            {
                "id": "100011000286746",
                "count": 0
            },
            {
                "id": "100029361232057",
                "count": 0
            },
            {
                "id": "100001837873386",
                "count": 0
            },
            {
                "id": "100085927161695",
                "count": 0
            },
            {
                "id": "100009193419033",
                "count": 0
            },
            {
                "id": "100001305769791",
                "count": 0
            },
            {
                "id": "100000710492810",
                "count": 0
            },
            {
                "id": "100008373421436",
                "count": 0
            },
            {
                "id": "61550993638071",
                "count": 0
            },
            {
                "id": "100068637307313",
                "count": 0
            },
            {
                "id": "61554522400674",
                "count": 0
            },
            {
                "id": "61556205354770",
                "count": 0
            }
        ]
    }
}