{
    "total": [
        {
            "id": "100044918298774",
            "count": 106
        },
        {
            "id": "100081281114250",
            "count": 905
        },
        {
            "id": "100023987680085",
            "count": 187
        },
        {
            "id": "100025243482566",
            "count": 101
        },
        {
            "id": "100059166806617",
            "count": 3433
        },
        {
            "id": "100035873362659",
            "count": 230
        },
        {
            "id": "100021017929878",
            "count": 29
        },
        {
            "id": "100092010305599",
            "count": 312
        },
        {
            "id": "100064293314683",
            "count": 71
        },
        {
            "id": "100070589607230",
            "count": 167
        },
        {
            "id": "100053740935530",
            "count": 485
        },
        {
            "id": "100068600444585",
            "count": 71
        },
        {
            "id": "100068096370437",
            "count": 40
        },
        {
            "id": "100014447103833",
            "count": 109
        },
        {
            "id": "100028241340699",
            "count": 21
        },
        {
            "id": "100058725472513",
            "count": 119
        },
        {
            "id": "100052601767169",
            "count": 21
        },
        {
            "id": "100061912096837",
            "count": 1332
        },
        {
            "id": "100037719819373",
            "count": 668
        },
        {
            "id": "100030591829356",
            "count": 411
        },
        {
            "id": "100029651921090",
            "count": 134
        },
        {
            "id": "100073998716854",
            "count": 6288
        },
        {
            "id": "100022818096830",
            "count": 605
        },
        {
            "id": "100008373421436",
            "count": 0
        },
        {
            "id": "100001837873386",
            "count": 0
        },
        {
            "id": "100051971167853",
            "count": 2419
        },
        {
            "id": "100051766819195",
            "count": 80
        },
        {
            "id": "100008162889797",
            "count": 1217
        },
        {
            "id": "100011040279240",
            "count": 1191
        },
        {
            "id": "100000079716663",
            "count": 676
        },
        {
            "id": "100045401073133",
            "count": 69
        },
        {
            "id": "100001838241327",
            "count": 0
        },
        {
            "id": "100019941565560",
            "count": 112
        },
        {
            "id": "100087504932120",
            "count": 1
        },
        {
            "id": "100018563451063",
            "count": 1257
        },
        {
            "id": "100049898962640",
            "count": 373
        },
        {
            "id": "100075177526423",
            "count": 3203
        },
        {
            "id": "100028355088948",
            "count": 121
        },
        {
            "id": "100034880741534",
            "count": 41
        },
        {
            "id": "100019541161030",
            "count": 1
        },
        {
            "id": "100009641597140",
            "count": 49
        },
        {
            "id": "100050453197951",
            "count": 5430
        },
        {
            "id": "100060748532261",
            "count": 1
        },
        {
            "id": "61553891265417",
            "count": 73
        },
        {
            "id": "100018012408213",
            "count": 10
        },
        {
            "id": "100044643469375",
            "count": 20
        },
        {
            "id": "100061875103359",
            "count": 84
        },
        {
            "id": "100064743681610",
            "count": 153
        },
        {
            "id": "100051431114570",
            "count": 907
        },
        {
            "id": "100025218080248",
            "count": 0
        },
        {
            "id": "100073047422899",
            "count": 1233
        },
        {
            "id": "100090918241249",
            "count": 60
        },
        {
            "id": "61552779905830",
            "count": 44
        },
        {
            "id": "100068058314719",
            "count": 0
        },
        {
            "id": "100047723045826",
            "count": 3
        },
        {
            "id": "100024626527778",
            "count": 1
        },
        {
            "id": "100014130286239",
            "count": 18
        },
        {
            "id": "100000429622727",
            "count": 130
        },
        {
            "id": "100048726790889",
            "count": 22
        },
        {
            "id": "100053936630982",
            "count": 26
        },
        {
            "id": "100048381019497",
            "count": 23
        },
        {
            "id": "100013456778220",
            "count": 31
        },
        {
            "id": "100073035257798",
            "count": 141
        },
        {
            "id": "100007658719103",
            "count": 49
        },
        {
            "id": "100036071297552",
            "count": 72
        },
        {
            "id": "100011234702755",
            "count": 0
        },
        {
            "id": "100063721607607",
            "count": 153
        },
        {
            "id": "100015610780974",
            "count": 645
        },
        {
            "id": "100051366998683",
            "count": 323
        },
        {
            "id": "100067562019333",
            "count": 6
        },
        {
            "id": "100083415166459",
            "count": 9
        },
        {
            "id": "100051317663173",
            "count": 2
        },
        {
            "id": "100036754578322",
            "count": 9
        },
        {
            "id": "100029609386158",
            "count": 18
        },
        {
            "id": "100042878515260",
            "count": 6
        },
        {
            "id": "100009165125166",
            "count": 2
        },
        {
            "id": "100023391211149",
            "count": 53
        },
        {
            "id": "100073593192849",
            "count": 14
        },
        {
            "id": "100059537628680",
            "count": 244
        },
        {
            "id": "100006440364685",
            "count": 24
        },
        {
            "id": "100038553455414",
            "count": 21
        },
        {
            "id": "100043710725710",
            "count": 179
        },
        {
            "id": "100083009746004",
            "count": 15
        },
        {
            "id": "100027871187362",
            "count": 3
        },
        {
            "id": "100079239351932",
            "count": 0
        },
        {
            "id": "100069520894623",
            "count": 10
        },
        {
            "id": "61552135136326",
            "count": 4
        },
        {
            "id": "100016951301374",
            "count": 5
        },
        {
            "id": "100058394056598",
            "count": 0
        },
        {
            "id": "100059556745408",
            "count": 338
        },
        {
            "id": "100014456565980",
            "count": 4
        },
        {
            "id": "100052937802066",
            "count": 2
        },
        {
            "id": "100023930124073",
            "count": 11
        },
        {
            "id": "100056068121867",
            "count": 196
        },
        {
            "id": "100024111394606",
            "count": 15
        },
        {
            "id": "61552193930738",
            "count": 13
        }
    ],
    "week": [
        {
            "id": "100044918298774",
            "count": 15,
            "name": "Vũ Hương Ly"
        },
        {
            "id": "100081281114250",
            "count": 61,
            "name": "Thúy Zân"
        },
        {
            "id": "100023987680085",
            "count": 22,
            "name": "Huỳnh Trọng"
        },
        {
            "id": "100025243482566",
            "count": 94,
            "name": "Hoàng Thị Đào"
        },
        {
            "id": "100059166806617",
            "count": 420,
            "name": "Hồng Mỹ"
        },
        {
            "id": "100035873362659",
            "count": 6,
            "name": "Nguyen Trong Phu"
        },
        {
            "id": "100021017929878",
            "count": 0,
            "name": "Tấn James"
        },
        {
            "id": "100092010305599",
            "count": 8,
            "name": "Khan Nguyễn"
        },
        {
            "id": "100064293314683",
            "count": 7,
            "name": "Lê Hoàng Long"
        },
        {
            "id": "100070589607230",
            "count": 0,
            "name": "Gia Thành"
        },
        {
            "id": "100053740935530",
            "count": 133,
            "name": "Thành Đạt"
        },
        {
            "id": "100068600444585",
            "count": 0,
            "name": "Mạnh Quân"
        },
        {
            "id": "100068096370437",
            "count": 0,
            "name": "Phạm Minh Đồng"
        },
        {
            "id": "100014447103833",
            "count": 3,
            "name": "Thuý Vân"
        },
        {
            "id": "100028241340699",
            "count": 0,
            "name": "Nguyễn Mạnh Hùng"
        },
        {
            "id": "100058725472513",
            "count": 21,
            "name": "Duc Manh"
        },
        {
            "id": "100052601767169",
            "count": 4,
            "name": "Luật"
        },
        {
            "id": "100061912096837",
            "count": 277,
            "name": "Nguyễn Thị Thuỳ Nhung"
        },
        {
            "id": "100037719819373",
            "count": 10,
            "name": "Hoàng Xuân Ngọc Long"
        },
        {
            "id": "100030591829356",
            "count": 47,
            "name": "Phạm Duy"
        },
        {
            "id": "100029651921090",
            "count": 5,
            "name": "Chu Mạnh Tuyến"
        },
        {
            "id": "100073998716854",
            "count": 1089,
            "name": "Pham Huynh Tuyet Ngan"
        },
        {
            "id": "100022818096830",
            "count": 159,
            "name": "Lê Phi Hùngg"
        },
        {
            "id": "100008373421436",
            "count": 0,
            "name": "𝑷𝒉𝒂𝒎 𝑴𝒊𝒏𝒉 𝑫𝒐𝒏𝒈 𓅗"
        },
        {
            "id": "100001837873386",
            "count": 0,
            "name": "Trần Thị Kim Anh"
        },
        {
            "id": "100051971167853",
            "count": 145,
            "name": "Quang Minh"
        },
        {
            "id": "100051766819195",
            "count": 0,
            "name": "Thịi Duyênn"
        },
        {
            "id": "100008162889797",
            "count": 140,
            "name": "Lê Đức"
        },
        {
            "id": "100011040279240",
            "count": 268,
            "name": "Thiện Hào"
        },
        {
            "id": "100000079716663",
            "count": 117,
            "name": "Trần Anh Khoa"
        },
        {
            "id": "100045401073133",
            "count": 0,
            "name": "Bùi Nguyễn Xuân Trường"
        },
        {
            "id": "100001838241327",
            "count": 0,
            "name": "Phương Anh Thị Trần"
        },
        {
            "id": "100019941565560",
            "count": 1,
            "name": "Nguyen Duc Anh"
        },
        {
            "id": "100087504932120",
            "count": 0,
            "name": "Hiếu Nguyễn"
        },
        {
            "id": "100018563451063",
            "count": 136,
            "name": "Yếnn"
        },
        {
            "id": "100049898962640",
            "count": 3,
            "name": "Hồ Trọng Hoàng"
        },
        {
            "id": "100075177526423",
            "count": 341,
            "name": "Giaa Linhh"
        },
        {
            "id": "100028355088948",
            "count": 4,
            "name": "Gia Huy"
        },
        {
            "id": "100034880741534",
            "count": 9,
            "name": "Nguyễn Cảnh Quý"
        },
        {
            "id": "100019541161030",
            "count": 0,
            "name": "Hà Quốc Việt"
        },
        {
            "id": "100009641597140",
            "count": 14,
            "name": "Đỗ Tá Tuấn Anh"
        },
        {
            "id": "100050453197951",
            "count": 483,
            "name": "Phan Quốc Huy"
        },
        {
            "id": "100060748532261",
            "count": 1,
            "name": "Kha Huynh"
        },
        {
            "id": "61553891265417",
            "count": 0,
            "name": "Bảo Ngọc"
        },
        {
            "id": "100018012408213",
            "count": 0,
            "name": "Tường Phạm"
        },
        {
            "id": "100044643469375",
            "count": 0,
            "name": "Quách Khánh Minh"
        },
        {
            "id": "100061875103359",
            "count": 1,
            "name": "Thanh Huyền"
        },
        {
            "id": "100064743681610",
            "count": 0,
            "name": "Khang Meo"
        },
        {
            "id": "100051431114570",
            "count": 57,
            "name": "Nguỹn Ningg"
        },
        {
            "id": "100025218080248",
            "count": 0,
            "name": "Phạm Hưng"
        },
        {
            "id": "100073047422899",
            "count": 58,
            "name": "Trương Bá Văn Long"
        },
        {
            "id": "100090918241249",
            "count": 1,
            "name": "Khánh Trần"
        },
        {
            "id": "61552779905830",
            "count": 0,
            "name": "Mai Phuong"
        },
        {
            "id": "100068058314719",
            "count": 0,
            "name": "Phương Anh"
        },
        {
            "id": "100047723045826",
            "count": 0,
            "name": "Đỗ Long"
        },
        {
            "id": "100024626527778",
            "count": 0,
            "name": "Hoàng Thiên Nam"
        },
        {
            "id": "100014130286239",
            "count": 0,
            "name": "Trường Vũ"
        },
        {
            "id": "100000429622727",
            "count": 91,
            "name": "Nguyễn      Thành Minh"
        },
        {
            "id": "100048726790889",
            "count": 0,
            "name": "Lương Ngọc Khanh"
        },
        {
            "id": "100053936630982",
            "count": 0,
            "name": "Nguyễn Trung Hiền"
        },
        {
            "id": "100048381019497",
            "count": 0,
            "name": "Nguyễn Thanh Nhã"
        },
        {
            "id": "100013456778220",
            "count": 0,
            "name": "Chu Thuý Quỳnh"
        },
        {
            "id": "100073035257798",
            "count": 25,
            "name": "Thỏ Thỏ"
        },
        {
            "id": "100007658719103",
            "count": 0,
            "name": "Nhật Quang"
        },
        {
            "id": "100036071297552",
            "count": 45,
            "name": "Trọng Ân"
        },
        {
            "id": "100011234702755",
            "count": 0,
            "name": "Người dùng facebook"
        },
        {
            "id": "100063721607607",
            "count": 0,
            "name": "Ng Tiến"
        },
        {
            "id": "100015610780974",
            "count": 29,
            "name": "Nguyễn Đình Đạo"
        },
        {
            "id": "100051366998683",
            "count": 73,
            "name": "Hoàng Quốc Dũng"
        },
        {
            "id": "100067562019333",
            "count": 0,
            "name": "An"
        },
        {
            "id": "100083415166459",
            "count": 5,
            "name": "Duy Mạnh"
        },
        {
            "id": "100051317663173",
            "count": 0,
            "name": "Trần Thu Hà"
        },
        {
            "id": "100036754578322",
            "count": 0,
            "name": "Nguyễn Trang"
        },
        {
            "id": "100029609386158",
            "count": 0,
            "name": "Hải Phạm"
        },
        {
            "id": "100042878515260",
            "count": 0,
            "name": "Tạ Quốc Tuấn"
        },
        {
            "id": "100009165125166",
            "count": 1,
            "name": "Nhu Ngoc"
        },
        {
            "id": "100023391211149",
            "count": 0,
            "name": "Ngọc Mai"
        },
        {
            "id": "100073593192849",
            "count": 0,
            "name": "Nhi Nguyễn"
        },
        {
            "id": "100059537628680",
            "count": 0,
            "name": "Trần Nhật Minh"
        },
        {
            "id": "100006440364685",
            "count": 0,
            "name": "Sownn"
        },
        {
            "id": "100038553455414",
            "count": 1,
            "name": "Nguyễn Xuân Thái"
        },
        {
            "id": "100043710725710",
            "count": 93,
            "name": "Tuấn Khôi"
        },
        {
            "id": "100083009746004",
            "count": 0,
            "name": "Hải Yến"
        },
        {
            "id": "100027871187362",
            "count": 0,
            "name": "Nguyên"
        },
        {
            "id": "100079239351932",
            "count": 0,
            "name": "Người dùng facebook"
        },
        {
            "id": "100069520894623",
            "count": 2,
            "name": "Thanh Hoang"
        },
        {
            "id": "61552135136326",
            "count": 0,
            "name": "Đức Huy"
        },
        {
            "id": "100016951301374",
            "count": 5,
            "name": "Người dùng facebook"
        },
        {
            "id": "100058394056598",
            "count": 0,
            "name": "Người dùng facebook"
        },
        {
            "id": "100059556745408",
            "count": 140,
            "name": "Quang Hop"
        },
        {
            "id": "100014456565980",
            "count": 0,
            "name": "Minh"
        },
        {
            "id": "100052937802066",
            "count": 0,
            "name": "Nam Đỗ"
        },
        {
            "id": "100023930124073",
            "count": 0,
            "name": "Long Tâyy"
        },
        {
            "id": "100056068121867",
            "count": 66,
            "name": "Quỳnh Hương"
        },
        {
            "id": "100024111394606",
            "count": 1,
            "name": "Hiếu Lê"
        },
        {
            "id": "61552193930738",
            "count": 13
        }
    ],
    "day": [
        {
            "id": "100044918298774",
            "count": 0,
            "name": "Người dùng facebook"
        },
        {
            "id": "100081281114250",
            "count": 0,
            "name": "Người dùng facebook"
        },
        {
            "id": "100023987680085",
            "count": 0,
            "name": "Người dùng facebook"
        },
        {
            "id": "100025243482566",
            "count": 0,
            "name": "Người dùng facebook"
        },
        {
            "id": "100059166806617",
            "count": 0,
            "name": "Người dùng facebook"
        },
        {
            "id": "100035873362659",
            "count": 0,
            "name": "Người dùng facebook"
        },
        {
            "id": "100021017929878",
            "count": 0,
            "name": "Người dùng facebook"
        },
        {
            "id": "100092010305599",
            "count": 0,
            "name": "Người dùng facebook"
        },
        {
            "id": "100064293314683",
            "count": 0,
            "name": "Người dùng facebook"
        },
        {
            "id": "100070589607230",
            "count": 0,
            "name": "Người dùng facebook"
        },
        {
            "id": "100053740935530",
            "count": 0,
            "name": "Người dùng facebook"
        },
        {
            "id": "100068600444585",
            "count": 0,
            "name": "Người dùng facebook"
        },
        {
            "id": "100068096370437",
            "count": 0,
            "name": "Phạm Minh Đồng"
        },
        {
            "id": "100014447103833",
            "count": 0,
            "name": "Người dùng facebook"
        },
        {
            "id": "100028241340699",
            "count": 0,
            "name": "Người dùng facebook"
        },
        {
            "id": "100058725472513",
            "count": 0,
            "name": "Người dùng facebook"
        },
        {
            "id": "100052601767169",
            "count": 0,
            "name": "Người dùng facebook"
        },
        {
            "id": "100061912096837",
            "count": 0,
            "name": "Người dùng facebook"
        },
        {
            "id": "100037719819373",
            "count": 0,
            "name": "Người dùng facebook"
        },
        {
            "id": "100030591829356",
            "count": 0,
            "name": "Người dùng facebook"
        },
        {
            "id": "100029651921090",
            "count": 0,
            "name": "Người dùng facebook"
        },
        {
            "id": "100073998716854",
            "count": 0,
            "name": "Người dùng facebook"
        },
        {
            "id": "100022818096830",
            "count": 0,
            "name": "Người dùng facebook"
        },
        {
            "id": "100008373421436",
            "count": 0,
            "name": "Người dùng Facebook"
        },
        {
            "id": "100001837873386",
            "count": 0,
            "name": "Trần Thị Kim Anh"
        },
        {
            "id": "100051971167853",
            "count": 0,
            "name": "Người dùng facebook"
        },
        {
            "id": "100051766819195",
            "count": 0,
            "name": "Người dùng facebook"
        },
        {
            "id": "100008162889797",
            "count": 0,
            "name": "Người dùng facebook"
        },
        {
            "id": "100011040279240",
            "count": 0,
            "name": "Người dùng facebook"
        },
        {
            "id": "100000079716663",
            "count": 0,
            "name": "Người dùng facebook"
        },
        {
            "id": "100045401073133",
            "count": 0,
            "name": "Người dùng facebook"
        },
        {
            "id": "100001838241327",
            "count": 0,
            "name": "Phương Anh Thị Trần"
        },
        {
            "id": "100019941565560",
            "count": 0,
            "name": "Người dùng facebook"
        },
        {
            "id": "100087504932120",
            "count": 0,
            "name": "Người dùng facebook"
        },
        {
            "id": "100018563451063",
            "count": 0,
            "name": "Người dùng facebook"
        },
        {
            "id": "100049898962640",
            "count": 0,
            "name": "Người dùng facebook"
        },
        {
            "id": "100075177526423",
            "count": 0,
            "name": "Người dùng facebook"
        },
        {
            "id": "100028355088948",
            "count": 0,
            "name": "Người dùng facebook"
        },
        {
            "id": "100034880741534",
            "count": 0,
            "name": "Người dùng facebook"
        },
        {
            "id": "100019541161030",
            "count": 0,
            "name": "Người dùng facebook"
        },
        {
            "id": "100009641597140",
            "count": 0,
            "name": "Người dùng facebook"
        },
        {
            "id": "100050453197951",
            "count": 0,
            "name": "Người dùng facebook"
        },
        {
            "id": "100060748532261",
            "count": 0,
            "name": "Người dùng facebook"
        },
        {
            "id": "61553891265417",
            "count": 0,
            "name": "Người dùng facebook"
        },
        {
            "id": "100018012408213",
            "count": 0,
            "name": "Người dùng facebook"
        },
        {
            "id": "100044643469375",
            "count": 0,
            "name": "Người dùng facebook"
        },
        {
            "id": "100061875103359",
            "count": 0,
            "name": "Người dùng facebook"
        },
        {
            "id": "100064743681610",
            "count": 0,
            "name": "Người dùng facebook"
        },
        {
            "id": "100051431114570",
            "count": 0,
            "name": "Người dùng facebook"
        },
        {
            "id": "100025218080248",
            "count": 0,
            "name": "Người dùng facebook"
        },
        {
            "id": "100073047422899",
            "count": 0,
            "name": "Người dùng facebook"
        },
        {
            "id": "100090918241249",
            "count": 0,
            "name": "Người dùng facebook"
        },
        {
            "id": "61552779905830",
            "count": 0,
            "name": "Người dùng facebook"
        },
        {
            "id": "100068058314719",
            "count": 0,
            "name": "Người dùng facebook"
        },
        {
            "id": "100047723045826",
            "count": 0,
            "name": "Người dùng facebook"
        },
        {
            "id": "100024626527778",
            "count": 0,
            "name": "Người dùng facebook"
        },
        {
            "id": "100014130286239",
            "count": 0,
            "name": "Người dùng facebook"
        },
        {
            "id": "100000429622727",
            "count": 0,
            "name": "Người dùng facebook"
        },
        {
            "id": "100048726790889",
            "count": 0,
            "name": "Người dùng facebook"
        },
        {
            "id": "100053936630982",
            "count": 0,
            "name": "Người dùng facebook"
        },
        {
            "id": "100048381019497",
            "count": 0,
            "name": "Người dùng facebook"
        },
        {
            "id": "100013456778220",
            "count": 0,
            "name": "Người dùng facebook"
        },
        {
            "id": "100073035257798",
            "count": 0,
            "name": "Người dùng facebook"
        },
        {
            "id": "100007658719103",
            "count": 0,
            "name": "Người dùng facebook"
        },
        {
            "id": "100036071297552",
            "count": 0,
            "name": "Người dùng facebook"
        },
        {
            "id": "100011234702755",
            "count": 0,
            "name": "Người dùng facebook"
        },
        {
            "id": "100063721607607",
            "count": 0,
            "name": "Người dùng facebook"
        },
        {
            "id": "100015610780974",
            "count": 0,
            "name": "Người dùng facebook"
        },
        {
            "id": "100051366998683",
            "count": 0,
            "name": "Người dùng facebook"
        },
        {
            "id": "100067562019333",
            "count": 0,
            "name": "Người dùng facebook"
        },
        {
            "id": "100083415166459",
            "count": 0,
            "name": "Người dùng facebook"
        },
        {
            "id": "100051317663173",
            "count": 0,
            "name": "Người dùng facebook"
        },
        {
            "id": "100036754578322",
            "count": 0,
            "name": "Người dùng facebook"
        },
        {
            "id": "100029609386158",
            "count": 0,
            "name": "Người dùng facebook"
        },
        {
            "id": "100042878515260",
            "count": 0,
            "name": "Người dùng facebook"
        },
        {
            "id": "100009165125166",
            "count": 0,
            "name": "Người dùng facebook"
        },
        {
            "id": "100023391211149",
            "count": 0,
            "name": "Người dùng facebook"
        },
        {
            "id": "100073593192849",
            "count": 0,
            "name": "Người dùng facebook"
        },
        {
            "id": "100059537628680",
            "count": 0,
            "name": "Người dùng facebook"
        },
        {
            "id": "100006440364685",
            "count": 0,
            "name": "Người dùng facebook"
        },
        {
            "id": "100038553455414",
            "count": 0,
            "name": "Người dùng facebook"
        },
        {
            "id": "100043710725710",
            "count": 0,
            "name": "Người dùng facebook"
        },
        {
            "id": "100083009746004",
            "count": 0,
            "name": "Người dùng facebook"
        },
        {
            "id": "100027871187362",
            "count": 0,
            "name": "Người dùng facebook"
        },
        {
            "id": "100079239351932",
            "count": 0,
            "name": "Người dùng facebook"
        },
        {
            "id": "100069520894623",
            "count": 0,
            "name": "Người dùng facebook"
        },
        {
            "id": "61552135136326",
            "count": 0,
            "name": "Người dùng facebook"
        },
        {
            "id": "100016951301374",
            "count": 0,
            "name": "Người dùng facebook"
        },
        {
            "id": "100058394056598",
            "count": 0,
            "name": "Người dùng facebook"
        },
        {
            "id": "100059556745408",
            "count": 0,
            "name": "Người dùng facebook"
        },
        {
            "id": "100014456565980",
            "count": 0,
            "name": "Người dùng facebook"
        },
        {
            "id": "100052937802066",
            "count": 0,
            "name": "Người dùng facebook"
        },
        {
            "id": "100023930124073",
            "count": 0,
            "name": "Người dùng facebook"
        },
        {
            "id": "100056068121867",
            "count": 0,
            "name": "Người dùng facebook"
        },
        {
            "id": "100024111394606",
            "count": 0,
            "name": "Người dùng facebook"
        },
        {
            "id": "61552193930738",
            "count": 0,
            "name": "Người dùng facebook"
        }
    ],
    "time": 6,
    "last": {
        "time": 4,
        "day": [
            {
                "id": "100044918298774",
                "count": 0
            },
            {
                "id": "100081281114250",
                "count": 0
            },
            {
                "id": "100023987680085",
                "count": 0
            },
            {
                "id": "100025243482566",
                "count": 0
            },
            {
                "id": "100059166806617",
                "count": 0
            },
            {
                "id": "100035873362659",
                "count": 0
            },
            {
                "id": "100040852710312",
                "count": 0
            },
            {
                "id": "100021017929878",
                "count": 0
            },
            {
                "id": "100092010305599",
                "count": 0
            },
            {
                "id": "100064293314683",
                "count": 0
            },
            {
                "id": "100070589607230",
                "count": 0
            },
            {
                "id": "100035269780947",
                "count": 0
            },
            {
                "id": "100089311118839",
                "count": 0
            },
            {
                "id": "100053740935530",
                "count": 0
            },
            {
                "id": "100077482338208",
                "count": 0
            },
            {
                "id": "100068600444585",
                "count": 0
            },
            {
                "id": "100068096370437",
                "count": 0
            },
            {
                "id": "100014447103833",
                "count": 0
            },
            {
                "id": "100041177497884",
                "count": 0
            },
            {
                "id": "100028241340699",
                "count": 0
            },
            {
                "id": "100047221843130",
                "count": 0
            },
            {
                "id": "100058725472513",
                "count": 0
            },
            {
                "id": "100052601767169",
                "count": 0
            },
            {
                "id": "100061912096837",
                "count": 0
            },
            {
                "id": "100037719819373",
                "count": 0
            },
            {
                "id": "100030591829356",
                "count": 0
            },
            {
                "id": "100029651921090",
                "count": 0
            },
            {
                "id": "100073998716854",
                "count": 0
            },
            {
                "id": "100022818096830",
                "count": 0
            },
            {
                "id": "100008373421436",
                "count": 0
            },
            {
                "id": "100053564116477",
                "count": 0
            },
            {
                "id": "100001837873386",
                "count": 0
            },
            {
                "id": "100051971167853",
                "count": 0
            },
            {
                "id": "100051766819195",
                "count": 0
            },
            {
                "id": "100069414307606",
                "count": 0
            },
            {
                "id": "100008162889797",
                "count": 0
            },
            {
                "id": "100034234833315",
                "count": 0
            },
            {
                "id": "100011040279240",
                "count": 0
            },
            {
                "id": "100069128331640",
                "count": 0
            },
            {
                "id": "100009193419033",
                "count": 0
            },
            {
                "id": "100000079716663",
                "count": 0
            },
            {
                "id": "100045401073133",
                "count": 0
            },
            {
                "id": "100001838241327",
                "count": 0
            },
            {
                "id": "100019941565560",
                "count": 0
            },
            {
                "id": "100055470185218",
                "count": 0
            },
            {
                "id": "100038302173553",
                "count": 0
            },
            {
                "id": "100080672658080",
                "count": 0
            },
            {
                "id": "100088266783017",
                "count": 0
            },
            {
                "id": "100001423429138",
                "count": 0
            },
            {
                "id": "100087504932120",
                "count": 0
            },
            {
                "id": "100018563451063",
                "count": 0
            },
            {
                "id": "100049898962640",
                "count": 0
            },
            {
                "id": "100022786787066",
                "count": 0
            },
            {
                "id": "100022640500739",
                "count": 0
            },
            {
                "id": "100075177526423",
                "count": 0
            },
            {
                "id": "100015797406039",
                "count": 0
            },
            {
                "id": "100040609448453",
                "count": 0
            },
            {
                "id": "100034589993056",
                "count": 0
            },
            {
                "id": "100028355088948",
                "count": 0
            },
            {
                "id": "100034880741534",
                "count": 0
            },
            {
                "id": "100019541161030",
                "count": 0
            },
            {
                "id": "100009641597140",
                "count": 0
            },
            {
                "id": "61550703520916",
                "count": 0
            },
            {
                "id": "100050453197951",
                "count": 0
            },
            {
                "id": "100001525900768",
                "count": 0
            },
            {
                "id": "100046716544905",
                "count": 0
            },
            {
                "id": "100046350517388",
                "count": 0
            },
            {
                "id": "100060748532261",
                "count": 0
            },
            {
                "id": "61553891265417",
                "count": 0
            },
            {
                "id": "100056068121867",
                "count": 0
            },
            {
                "id": "100007741985208",
                "count": 0
            },
            {
                "id": "100027166880181",
                "count": 0
            },
            {
                "id": "100018012408213",
                "count": 0
            },
            {
                "id": "100041904487096",
                "count": 0
            },
            {
                "id": "100044643469375",
                "count": 0
            },
            {
                "id": "100061875103359",
                "count": 0
            },
            {
                "id": "100070520332173",
                "count": 0
            },
            {
                "id": "100064743681610",
                "count": 0
            },
            {
                "id": "100010340087495",
                "count": 0
            },
            {
                "id": "100051431114570",
                "count": 0
            },
            {
                "id": "100075535224243",
                "count": 0
            },
            {
                "id": "100053576267887",
                "count": 0
            },
            {
                "id": "100034484779181",
                "count": 0
            },
            {
                "id": "100025218080248",
                "count": 0
            },
            {
                "id": "100073047422899",
                "count": 0
            },
            {
                "id": "100072962255253",
                "count": 0
            },
            {
                "id": "100090918241249",
                "count": 0
            },
            {
                "id": "61552779905830",
                "count": 0
            },
            {
                "id": "100068058314719",
                "count": 0
            },
            {
                "id": "100047723045826",
                "count": 0
            },
            {
                "id": "100024626527778",
                "count": 0
            },
            {
                "id": "100014130286239",
                "count": 0
            },
            {
                "id": "100000429622727",
                "count": 0
            },
            {
                "id": "100048726790889",
                "count": 0
            },
            {
                "id": "100053936630982",
                "count": 0
            },
            {
                "id": "100048381019497",
                "count": 0
            },
            {
                "id": "100040352412999",
                "count": 0
            },
            {
                "id": "100013456778220",
                "count": 0
            },
            {
                "id": "100015654907488",
                "count": 0
            },
            {
                "id": "100048498091097",
                "count": 0
            },
            {
                "id": "100073035257798",
                "count": 0
            },
            {
                "id": "100007658719103",
                "count": 0
            },
            {
                "id": "100045920284442",
                "count": 0
            },
            {
                "id": "100036071297552",
                "count": 0
            },
            {
                "id": "100011789473813",
                "count": 0
            },
            {
                "id": "100011234702755",
                "count": 0
            },
            {
                "id": "100048027465006",
                "count": 0
            },
            {
                "id": "100033202701529",
                "count": 0
            },
            {
                "id": "100044155958996",
                "count": 0
            },
            {
                "id": "100063721607607",
                "count": 0
            },
            {
                "id": "100015610780974",
                "count": 0
            },
            {
                "id": "100051366998683",
                "count": 0
            },
            {
                "id": "100067562019333",
                "count": 0
            },
            {
                "id": "100083415166459",
                "count": 0
            },
            {
                "id": "100059716646638",
                "count": 0
            },
            {
                "id": "100051317663173",
                "count": 0
            },
            {
                "id": "100036754578322",
                "count": 0
            },
            {
                "id": "100029609386158",
                "count": 0
            },
            {
                "id": "100042878515260",
                "count": 0
            },
            {
                "id": "100009165125166",
                "count": 0
            },
            {
                "id": "100023391211149",
                "count": 0
            },
            {
                "id": "100073593192849",
                "count": 0
            },
            {
                "id": "100059537628680",
                "count": 0
            },
            {
                "id": "100006440364685",
                "count": 0
            },
            {
                "id": "100087395422997",
                "count": 0
            },
            {
                "id": "100038553455414",
                "count": 0
            },
            {
                "id": "100043710725710",
                "count": 0
            },
            {
                "id": "100051576734101",
                "count": 0
            },
            {
                "id": "100012194053592",
                "count": 0
            },
            {
                "id": "100090353590861",
                "count": 0
            },
            {
                "id": "100083009746004",
                "count": 0
            },
            {
                "id": "100027871187362",
                "count": 0
            },
            {
                "id": "100079239351932",
                "count": 0
            },
            {
                "id": "100069520894623",
                "count": 0
            },
            {
                "id": "61552135136326",
                "count": 0
            },
            {
                "id": "100016951301374",
                "count": 0
            },
            {
                "id": "100058394056598",
                "count": 0
            },
            {
                "id": "100059556745408",
                "count": 0
            },
            {
                "id": "100014456565980",
                "count": 0
            },
            {
                "id": "100052937802066",
                "count": 0
            },
            {
                "id": "100023930124073",
                "count": 0
            },
            {
                "id": "100024111394606",
                "count": 0
            },
            {
                "id": "61552193930738",
                "count": 0
            }
        ],
        "week": [
            {
                "id": "100044918298774",
                "count": 0
            },
            {
                "id": "100081281114250",
                "count": 0
            },
            {
                "id": "100023987680085",
                "count": 0
            },
            {
                "id": "100025243482566",
                "count": 0
            },
            {
                "id": "100059166806617",
                "count": 0
            },
            {
                "id": "100035873362659",
                "count": 0
            },
            {
                "id": "100040852710312",
                "count": 0
            },
            {
                "id": "100021017929878",
                "count": 0
            },
            {
                "id": "100092010305599",
                "count": 0
            },
            {
                "id": "100064293314683",
                "count": 0
            },
            {
                "id": "100070589607230",
                "count": 0
            },
            {
                "id": "100035269780947",
                "count": 0
            },
            {
                "id": "100089311118839",
                "count": 0
            },
            {
                "id": "100053740935530",
                "count": 0
            },
            {
                "id": "100077482338208",
                "count": 0
            },
            {
                "id": "100068600444585",
                "count": 0
            },
            {
                "id": "100068096370437",
                "count": 0
            },
            {
                "id": "100014447103833",
                "count": 0
            },
            {
                "id": "100041177497884",
                "count": 0
            },
            {
                "id": "100028241340699",
                "count": 0
            },
            {
                "id": "100047221843130",
                "count": 0
            },
            {
                "id": "100058725472513",
                "count": 0
            },
            {
                "id": "100052601767169",
                "count": 0
            },
            {
                "id": "100061912096837",
                "count": 0
            },
            {
                "id": "100037719819373",
                "count": 0
            },
            {
                "id": "100030591829356",
                "count": 0
            },
            {
                "id": "100029651921090",
                "count": 0
            },
            {
                "id": "100073998716854",
                "count": 0
            },
            {
                "id": "100022818096830",
                "count": 0
            },
            {
                "id": "100008373421436",
                "count": 0
            },
            {
                "id": "100053564116477",
                "count": 0
            },
            {
                "id": "100001837873386",
                "count": 0
            },
            {
                "id": "100051971167853",
                "count": 0
            },
            {
                "id": "100051766819195",
                "count": 0
            },
            {
                "id": "100069414307606",
                "count": 0
            },
            {
                "id": "100008162889797",
                "count": 0
            },
            {
                "id": "100034234833315",
                "count": 0
            },
            {
                "id": "100011040279240",
                "count": 0
            },
            {
                "id": "100069128331640",
                "count": 0
            },
            {
                "id": "100009193419033",
                "count": 0
            },
            {
                "id": "100000079716663",
                "count": 0
            },
            {
                "id": "100045401073133",
                "count": 0
            },
            {
                "id": "100001838241327",
                "count": 0
            },
            {
                "id": "100019941565560",
                "count": 0
            },
            {
                "id": "100055470185218",
                "count": 0
            },
            {
                "id": "100038302173553",
                "count": 0
            },
            {
                "id": "100080672658080",
                "count": 0
            },
            {
                "id": "100088266783017",
                "count": 0
            },
            {
                "id": "100001423429138",
                "count": 0
            },
            {
                "id": "100087504932120",
                "count": 0
            },
            {
                "id": "100018563451063",
                "count": 0
            },
            {
                "id": "100049898962640",
                "count": 0
            },
            {
                "id": "100022786787066",
                "count": 0
            },
            {
                "id": "100022640500739",
                "count": 0
            },
            {
                "id": "100075177526423",
                "count": 0
            },
            {
                "id": "100015797406039",
                "count": 0
            },
            {
                "id": "100040609448453",
                "count": 0
            },
            {
                "id": "100034589993056",
                "count": 0
            },
            {
                "id": "100028355088948",
                "count": 0
            },
            {
                "id": "100034880741534",
                "count": 0
            },
            {
                "id": "100019541161030",
                "count": 0
            },
            {
                "id": "100009641597140",
                "count": 0
            },
            {
                "id": "61550703520916",
                "count": 0
            },
            {
                "id": "100050453197951",
                "count": 0
            },
            {
                "id": "100001525900768",
                "count": 0
            },
            {
                "id": "100046716544905",
                "count": 0
            },
            {
                "id": "100046350517388",
                "count": 0
            },
            {
                "id": "100060748532261",
                "count": 0
            },
            {
                "id": "61553891265417",
                "count": 0
            },
            {
                "id": "100056068121867",
                "count": 0
            },
            {
                "id": "100007741985208",
                "count": 0
            },
            {
                "id": "100027166880181",
                "count": 0
            },
            {
                "id": "100018012408213",
                "count": 0
            },
            {
                "id": "100041904487096",
                "count": 0
            },
            {
                "id": "100044643469375",
                "count": 0
            },
            {
                "id": "100061875103359",
                "count": 0
            },
            {
                "id": "100070520332173",
                "count": 0
            },
            {
                "id": "100064743681610",
                "count": 0
            },
            {
                "id": "100010340087495",
                "count": 0
            },
            {
                "id": "100051431114570",
                "count": 0
            },
            {
                "id": "100075535224243",
                "count": 0
            },
            {
                "id": "100053576267887",
                "count": 0
            },
            {
                "id": "100034484779181",
                "count": 0
            },
            {
                "id": "100025218080248",
                "count": 0
            },
            {
                "id": "100073047422899",
                "count": 0
            },
            {
                "id": "100072962255253",
                "count": 0
            },
            {
                "id": "100090918241249",
                "count": 0
            },
            {
                "id": "61552779905830",
                "count": 0
            },
            {
                "id": "100068058314719",
                "count": 0
            },
            {
                "id": "100047723045826",
                "count": 0
            },
            {
                "id": "100024626527778",
                "count": 0
            },
            {
                "id": "100014130286239",
                "count": 0
            },
            {
                "id": "100000429622727",
                "count": 0
            },
            {
                "id": "100048726790889",
                "count": 0
            },
            {
                "id": "100053936630982",
                "count": 0
            },
            {
                "id": "100048381019497",
                "count": 0
            },
            {
                "id": "100040352412999",
                "count": 0
            },
            {
                "id": "100013456778220",
                "count": 0
            },
            {
                "id": "100015654907488",
                "count": 0
            },
            {
                "id": "100048498091097",
                "count": 0
            },
            {
                "id": "100073035257798",
                "count": 0
            },
            {
                "id": "100007658719103",
                "count": 0
            },
            {
                "id": "100045920284442",
                "count": 0
            },
            {
                "id": "100036071297552",
                "count": 0
            },
            {
                "id": "100011789473813",
                "count": 0
            },
            {
                "id": "100011234702755",
                "count": 0
            },
            {
                "id": "100048027465006",
                "count": 0
            },
            {
                "id": "100033202701529",
                "count": 0
            },
            {
                "id": "100044155958996",
                "count": 0
            },
            {
                "id": "100063721607607",
                "count": 0
            },
            {
                "id": "100015610780974",
                "count": 0
            },
            {
                "id": "100051366998683",
                "count": 0
            },
            {
                "id": "100067562019333",
                "count": 0
            },
            {
                "id": "100083415166459",
                "count": 0
            },
            {
                "id": "100059716646638",
                "count": 0
            },
            {
                "id": "100051317663173",
                "count": 0
            },
            {
                "id": "100036754578322",
                "count": 0
            },
            {
                "id": "100029609386158",
                "count": 0
            },
            {
                "id": "100042878515260",
                "count": 0
            },
            {
                "id": "100009165125166",
                "count": 0
            },
            {
                "id": "100023391211149",
                "count": 0
            },
            {
                "id": "100073593192849",
                "count": 0
            },
            {
                "id": "100059537628680",
                "count": 0
            },
            {
                "id": "100006440364685",
                "count": 0
            },
            {
                "id": "100087395422997",
                "count": 0
            },
            {
                "id": "100038553455414",
                "count": 0
            },
            {
                "id": "100043710725710",
                "count": 0
            },
            {
                "id": "100051576734101",
                "count": 0
            },
            {
                "id": "100012194053592",
                "count": 0
            },
            {
                "id": "100090353590861",
                "count": 0
            },
            {
                "id": "100083009746004",
                "count": 0
            },
            {
                "id": "100027871187362",
                "count": 0
            },
            {
                "id": "100079239351932",
                "count": 0
            },
            {
                "id": "100069520894623",
                "count": 0
            },
            {
                "id": "61552135136326",
                "count": 0
            },
            {
                "id": "100016951301374",
                "count": 0
            },
            {
                "id": "100058394056598",
                "count": 0
            },
            {
                "id": "100059556745408",
                "count": 0
            },
            {
                "id": "100014456565980",
                "count": 0
            },
            {
                "id": "100052937802066",
                "count": 0
            },
            {
                "id": "100023930124073",
                "count": 0
            },
            {
                "id": "100024111394606",
                "count": 0
            },
            {
                "id": "61552193930738",
                "count": 0
            }
        ]
    }
}