{
    "total": [
        {
            "id": "100037465932663",
            "count": 280
        },
        {
            "id": "100055048871712",
            "count": 37
        },
        {
            "id": "100069210124680",
            "count": 18
        },
        {
            "id": "61552776494105",
            "count": 0
        },
        {
            "id": "100081001323890",
            "count": 0
        },
        {
            "id": "100040592027878",
            "count": 4
        },
        {
            "id": "100079574868095",
            "count": 2
        },
        {
            "id": "100087143886810",
            "count": 1
        },
        {
            "id": "100082582071448",
            "count": 0
        },
        {
            "id": "100064242353541",
            "count": 0
        },
        {
            "id": "100086718107968",
            "count": 0
        },
        {
            "id": "100022255179381",
            "count": 0
        },
        {
            "id": "100088145913190",
            "count": 20
        },
        {
            "id": "100076281390698",
            "count": 7
        },
        {
            "id": "100049705127967",
            "count": 3
        },
        {
            "id": "100082016965774",
            "count": 9
        },
        {
            "id": "100068096370437",
            "count": 114
        },
        {
            "id": "100035251842433",
            "count": 32
        },
        {
            "id": "100058682197774",
            "count": 65
        },
        {
            "id": "100039375701392",
            "count": 0
        },
        {
            "id": "100047408481457",
            "count": 0
        },
        {
            "id": "100086711572249",
            "count": 25
        },
        {
            "id": "100046642711399",
            "count": 0
        },
        {
            "id": "100009113414262",
            "count": 42
        },
        {
            "id": "100078885091836",
            "count": 9
        },
        {
            "id": "100072259193818",
            "count": 1
        },
        {
            "id": "100025021897991",
            "count": 21
        },
        {
            "id": "100012042915964",
            "count": 33
        },
        {
            "id": "100082046686440",
            "count": 89
        },
        {
            "id": "100070556119030",
            "count": 317
        },
        {
            "id": "61552307430516",
            "count": 9
        },
        {
            "id": "100074810360886",
            "count": 2
        },
        {
            "id": "100071518895639",
            "count": 24
        },
        {
            "id": "100083185471001",
            "count": 0
        },
        {
            "id": "100056216604645",
            "count": 78
        },
        {
            "id": "100086431084571",
            "count": 4
        },
        {
            "id": "100077720737760",
            "count": 0
        },
        {
            "id": "100068510486557",
            "count": 0
        },
        {
            "id": "100070658948527",
            "count": 3
        },
        {
            "id": "100093213215783",
            "count": 0
        },
        {
            "id": "100084246529358",
            "count": 6
        },
        {
            "id": "100088572968259",
            "count": 2
        },
        {
            "id": "100089784557722",
            "count": 128
        },
        {
            "id": "100093262694941",
            "count": 0
        },
        {
            "id": "61552749213731",
            "count": 8
        },
        {
            "id": "100087157105680",
            "count": 31
        },
        {
            "id": "100092341720160",
            "count": 0
        },
        {
            "id": "100090088778129",
            "count": 0
        },
        {
            "id": "100092875825004",
            "count": 0
        },
        {
            "id": "100087900972456",
            "count": 0
        },
        {
            "id": "100022578915119",
            "count": 7
        },
        {
            "id": "100026005823127",
            "count": 22
        },
        {
            "id": "100033115639364",
            "count": 0
        },
        {
            "id": "100090545599867",
            "count": 12
        },
        {
            "id": "100009801367183",
            "count": 0
        },
        {
            "id": "100072219467141",
            "count": 2
        },
        {
            "id": "100055447667789",
            "count": 0
        },
        {
            "id": "100067197609933",
            "count": 1
        },
        {
            "id": "100078056951336",
            "count": 368
        },
        {
            "id": "100078159376885",
            "count": 1
        },
        {
            "id": "100060614941673",
            "count": 34
        },
        {
            "id": "100076581342316",
            "count": 26
        },
        {
            "id": "100047943019679",
            "count": 4
        },
        {
            "id": "100033972169902",
            "count": 6
        },
        {
            "id": "100087970566914",
            "count": 121
        },
        {
            "id": "100088885773760",
            "count": 5
        },
        {
            "id": "100001838241327",
            "count": 0
        },
        {
            "id": "100014919848155",
            "count": 2
        },
        {
            "id": "61555434850890",
            "count": 0
        },
        {
            "id": "100089555205355",
            "count": 0
        },
        {
            "id": "61555142169864",
            "count": 0
        },
        {
            "id": "100030492153336",
            "count": 0
        },
        {
            "id": "100072676298067",
            "count": 661
        },
        {
            "id": "61555855490021",
            "count": 0
        },
        {
            "id": "100015490876253",
            "count": 0
        },
        {
            "id": "100038767179560",
            "count": 0
        },
        {
            "id": "61555359178695",
            "count": 7
        },
        {
            "id": "61552284926030",
            "count": 29
        },
        {
            "id": "100065163737555",
            "count": 0
        },
        {
            "id": "100088196952564",
            "count": 0
        },
        {
            "id": "100079132493558",
            "count": 0
        },
        {
            "id": "100074754751365",
            "count": 26
        },
        {
            "id": "100045044874159",
            "count": 2
        },
        {
            "id": "61553692727188",
            "count": 0
        },
        {
            "id": "100009193419033",
            "count": 0
        },
        {
            "id": "100009159217334",
            "count": 0
        },
        {
            "id": "100068917531388",
            "count": 8
        },
        {
            "id": "100089005406505",
            "count": 0
        },
        {
            "id": "100076916682483",
            "count": 14
        },
        {
            "id": "100060070931190",
            "count": 0
        },
        {
            "id": "61554705662478",
            "count": 137
        },
        {
            "id": "1035610497",
            "count": 2
        },
        {
            "id": "100077039040393",
            "count": 13
        },
        {
            "id": "100056904891226",
            "count": 5
        },
        {
            "id": "100054631429157",
            "count": 0
        },
        {
            "id": "100028763857186",
            "count": 0
        },
        {
            "id": "100081843803165",
            "count": 3
        },
        {
            "id": "100055007880202",
            "count": 239
        },
        {
            "id": "100001837873386",
            "count": 0
        },
        {
            "id": "61555510830493",
            "count": 0
        },
        {
            "id": "100078766111435",
            "count": 69
        },
        {
            "id": "100008373421436",
            "count": 0
        }
    ],
    "week": [
        {
            "id": "100037465932663",
            "count": 46,
            "name": "Quốc Triệu"
        },
        {
            "id": "100055048871712",
            "count": 10,
            "name": "Lv Huy"
        },
        {
            "id": "100069210124680",
            "count": 0,
            "name": "Phạm Tâm Long"
        },
        {
            "id": "61552776494105",
            "count": 0,
            "name": "Quốc Triệu"
        },
        {
            "id": "100081001323890",
            "count": 0,
            "name": "Huỳnh Linh"
        },
        {
            "id": "100040592027878",
            "count": 0,
            "name": "Vũ Tiến Cường"
        },
        {
            "id": "100079574868095",
            "count": 0,
            "name": "NT Quí"
        },
        {
            "id": "100087143886810",
            "count": 0,
            "name": "Hồ Quân"
        },
        {
            "id": "100082582071448",
            "count": 0,
            "name": "Nam Ngô"
        },
        {
            "id": "100064242353541",
            "count": 0,
            "name": "Chét Bọ"
        },
        {
            "id": "100086718107968",
            "count": 0,
            "name": "Phạm Thanh Trong"
        },
        {
            "id": "100022255179381",
            "count": 0,
            "name": "Hà Đông Hưng"
        },
        {
            "id": "100088145913190",
            "count": 0,
            "name": "Trầnk Quốc Việtt"
        },
        {
            "id": "100076281390698",
            "count": 0,
            "name": "Phạm Công Minh"
        },
        {
            "id": "100049705127967",
            "count": 0,
            "name": "Trần Dũng"
        },
        {
            "id": "100082016965774",
            "count": 0,
            "name": "Phú Minh"
        },
        {
            "id": "100068096370437",
            "count": 5,
            "name": "Phạm Minh Đồng"
        },
        {
            "id": "100035251842433",
            "count": 0,
            "name": "Phan Thị Huyền"
        },
        {
            "id": "100058682197774",
            "count": 5,
            "name": "Trần Nghĩa"
        },
        {
            "id": "100039375701392",
            "count": 0,
            "name": "Hà Thiên"
        },
        {
            "id": "100047408481457",
            "count": 0,
            "name": "Liên Sơn Mai"
        },
        {
            "id": "100086711572249",
            "count": 22,
            "name": "Minh Thư TiNa"
        },
        {
            "id": "100046642711399",
            "count": 0,
            "name": "Bùi Anh Tú"
        },
        {
            "id": "100009113414262",
            "count": 0,
            "name": "Bùi Trọng"
        },
        {
            "id": "100078885091836",
            "count": 0,
            "name": "Ngt Ánh"
        },
        {
            "id": "100072259193818",
            "count": 0,
            "name": "Nhật Phong"
        },
        {
            "id": "100025021897991",
            "count": 3,
            "name": "Bùi Nhân Sâm"
        },
        {
            "id": "100012042915964",
            "count": 4,
            "name": "Nguyễn Quỳnh"
        },
        {
            "id": "100082046686440",
            "count": 7,
            "name": "Diệp Thu"
        },
        {
            "id": "100070556119030",
            "count": 0,
            "name": "Toàn"
        },
        {
            "id": "61552307430516",
            "count": 2,
            "name": "Thanh Do"
        },
        {
            "id": "100074810360886",
            "count": 1,
            "name": "Nguyên Đăng Ngoc"
        },
        {
            "id": "100071518895639",
            "count": 5,
            "name": "Hương Nguyễn"
        },
        {
            "id": "100083185471001",
            "count": 0,
            "name": "Tiến Khảii"
        },
        {
            "id": "100056216604645",
            "count": 9,
            "name": "Minh Phương"
        },
        {
            "id": "100086431084571",
            "count": 0,
            "name": "Tuann Anhh"
        },
        {
            "id": "100077720737760",
            "count": 0,
            "name": "Weftle Syanthem"
        },
        {
            "id": "100068510486557",
            "count": 0,
            "name": "Bá Hiển"
        },
        {
            "id": "100070658948527",
            "count": 3,
            "name": "Cháo Hành"
        },
        {
            "id": "100093213215783",
            "count": 0,
            "name": "Trịnh Hiếu"
        },
        {
            "id": "100084246529358",
            "count": 0,
            "name": "Bùi Xuân Chính"
        },
        {
            "id": "100088572968259",
            "count": 0,
            "name": "Quang Dự"
        },
        {
            "id": "100089784557722",
            "count": 0,
            "name": "Thùy Trang"
        },
        {
            "id": "100093262694941",
            "count": 0,
            "name": "Lan Anh"
        },
        {
            "id": "61552749213731",
            "count": 0,
            "name": "Duc Anh Le"
        },
        {
            "id": "100087157105680",
            "count": 0,
            "name": "Duy Thanh"
        },
        {
            "id": "100092341720160",
            "count": 0,
            "name": "Hoàng Duy Trọng"
        },
        {
            "id": "100090088778129",
            "count": 0,
            "name": "Huỳnh Nhật Bảo"
        },
        {
            "id": "100092875825004",
            "count": 0,
            "name": "Ledy Pham"
        },
        {
            "id": "100087900972456",
            "count": 0,
            "name": "Lê Đình Khánh Duy"
        },
        {
            "id": "100022578915119",
            "count": 0,
            "name": "Nguyen Quoc Viet"
        },
        {
            "id": "100026005823127",
            "count": 0,
            "name": "Nguyễn Hoàng Mạnh Hiếu"
        },
        {
            "id": "100033115639364",
            "count": 0,
            "name": "Nguyễn Phúc Thịnh"
        },
        {
            "id": "100090545599867",
            "count": 0,
            "name": "Nguyễnn Huyềnn"
        },
        {
            "id": "100009801367183",
            "count": 0,
            "name": "Quyết Hoàng"
        },
        {
            "id": "100072219467141",
            "count": 2,
            "name": "Thinh Thinh"
        },
        {
            "id": "100055447667789",
            "count": 0,
            "name": "Thor Phạm"
        },
        {
            "id": "100067197609933",
            "count": 0,
            "name": "Trai Đp Namki"
        },
        {
            "id": "100078056951336",
            "count": 0,
            "name": "Trần Việt Văn 󱢏"
        },
        {
            "id": "100078159376885",
            "count": 0,
            "name": "Tùng Thanh"
        },
        {
            "id": "100060614941673",
            "count": 0,
            "name": "Văn Chiến"
        },
        {
            "id": "100076581342316",
            "count": 1,
            "name": "Văn Chính Hoàng"
        },
        {
            "id": "100047943019679",
            "count": 0,
            "name": "Thùy Dương"
        },
        {
            "id": "100033972169902",
            "count": 0,
            "name": "Vẹo Em"
        },
        {
            "id": "100087970566914",
            "count": 3,
            "name": "Ngần Hải"
        },
        {
            "id": "100088885773760",
            "count": 0,
            "name": "Khoa Phạm"
        },
        {
            "id": "100001838241327",
            "count": 0,
            "name": "Phương Anh Thị Trần"
        },
        {
            "id": "100014919848155",
            "count": 0,
            "name": "Lê Hiếu"
        },
        {
            "id": "61555434850890",
            "count": 0,
            "name": "Võ Huy Trọng"
        },
        {
            "id": "100089555205355",
            "count": 0,
            "name": "Thảo Linh"
        },
        {
            "id": "61555142169864",
            "count": 0,
            "name": "Nguyễn Long"
        },
        {
            "id": "100030492153336",
            "count": 0,
            "name": "Trinh Nguyễn"
        },
        {
            "id": "100072676298067",
            "count": 8,
            "name": "Lê Tuấn"
        },
        {
            "id": "61555855490021",
            "count": 0,
            "name": "Nhật Long"
        },
        {
            "id": "100015490876253",
            "count": 0,
            "name": "Đặng Linh"
        },
        {
            "id": "100038767179560",
            "count": 0,
            "name": "Thảo Linh"
        },
        {
            "id": "61555359178695",
            "count": 0,
            "name": "Nhuw Quynhh"
        },
        {
            "id": "61552284926030",
            "count": 0,
            "name": "Đức Đoàn"
        },
        {
            "id": "100065163737555",
            "count": 0,
            "name": "Đỗ Đắc Công"
        },
        {
            "id": "100088196952564",
            "count": 0,
            "name": "Tr Cong Huy"
        },
        {
            "id": "100079132493558",
            "count": 0,
            "name": "Phạm Hiếu"
        },
        {
            "id": "100074754751365",
            "count": 1,
            "name": "Kieu Tuan Hung"
        },
        {
            "id": "100045044874159",
            "count": 2,
            "name": "Trần Ngọc Trung 🥭✅"
        },
        {
            "id": "61553692727188",
            "count": 0,
            "name": "Yei Yei Xinh Xĩu"
        },
        {
            "id": "100009193419033",
            "count": 0,
            "name": "Người dùng Facebook"
        },
        {
            "id": "100009159217334",
            "count": 0,
            "name": "Quốc Bảo"
        },
        {
            "id": "100068917531388",
            "count": 0,
            "name": "Nguyễn Huy"
        },
        {
            "id": "100089005406505",
            "count": 0,
            "name": "Nguyễn Thành Nam"
        },
        {
            "id": "100076916682483",
            "count": 0,
            "name": "Quỳnh Giang"
        },
        {
            "id": "100060070931190",
            "count": 0,
            "name": "Ngọc Hân"
        },
        {
            "id": "61554705662478",
            "count": 0,
            "name": "Dương Ngọc Linh"
        },
        {
            "id": "1035610497",
            "count": 1,
            "name": "Ng Kieu Anh"
        },
        {
            "id": "100077039040393",
            "count": 1,
            "name": "Minh Hoàng"
        },
        {
            "id": "100056904891226",
            "count": 0,
            "name": "Minh Nhật"
        },
        {
            "id": "100054631429157",
            "count": 0,
            "name": "Quang Minh"
        },
        {
            "id": "100028763857186",
            "count": 0,
            "name": "Trần Hoàng Huân"
        },
        {
            "id": "100081843803165",
            "count": 0,
            "name": "Trường Huy"
        },
        {
            "id": "100055007880202",
            "count": 4,
            "name": "Minh Khoa"
        },
        {
            "id": "100001837873386",
            "count": 0,
            "name": "Trần Thị Kim Anh"
        },
        {
            "id": "61555510830493",
            "count": 0,
            "name": "Xuli Xuli"
        },
        {
            "id": "100078766111435",
            "count": 0,
            "name": "Gia Nhi"
        },
        {
            "id": "100008373421436",
            "count": 0
        }
    ],
    "day": [
        {
            "id": "100037465932663",
            "count": 0,
            "name": "Người dùng facebook"
        },
        {
            "id": "100055048871712",
            "count": 0,
            "name": "Người dùng facebook"
        },
        {
            "id": "100069210124680",
            "count": 0,
            "name": "Người dùng facebook"
        },
        {
            "id": "61552776494105",
            "count": 0,
            "name": "Người dùng facebook"
        },
        {
            "id": "100081001323890",
            "count": 0,
            "name": "Người dùng facebook"
        },
        {
            "id": "100040592027878",
            "count": 0,
            "name": "Người dùng facebook"
        },
        {
            "id": "100079574868095",
            "count": 0,
            "name": "Người dùng facebook"
        },
        {
            "id": "100087143886810",
            "count": 0,
            "name": "Người dùng facebook"
        },
        {
            "id": "100082582071448",
            "count": 0,
            "name": "Người dùng facebook"
        },
        {
            "id": "100064242353541",
            "count": 0,
            "name": "Người dùng facebook"
        },
        {
            "id": "100086718107968",
            "count": 0,
            "name": "Người dùng facebook"
        },
        {
            "id": "100022255179381",
            "count": 0,
            "name": "Người dùng facebook"
        },
        {
            "id": "100088145913190",
            "count": 0,
            "name": "Người dùng facebook"
        },
        {
            "id": "100076281390698",
            "count": 0,
            "name": "Người dùng facebook"
        },
        {
            "id": "100049705127967",
            "count": 0,
            "name": "Người dùng facebook"
        },
        {
            "id": "100082016965774",
            "count": 0,
            "name": "Người dùng facebook"
        },
        {
            "id": "100068096370437",
            "count": 0,
            "name": "Phạm Minh Đồng"
        },
        {
            "id": "100035251842433",
            "count": 0,
            "name": "Người dùng facebook"
        },
        {
            "id": "100058682197774",
            "count": 0,
            "name": "Người dùng facebook"
        },
        {
            "id": "100039375701392",
            "count": 0,
            "name": "Người dùng facebook"
        },
        {
            "id": "100047408481457",
            "count": 0,
            "name": "Người dùng facebook"
        },
        {
            "id": "100086711572249",
            "count": 0,
            "name": "Người dùng facebook"
        },
        {
            "id": "100046642711399",
            "count": 0,
            "name": "Người dùng facebook"
        },
        {
            "id": "100009113414262",
            "count": 0,
            "name": "Người dùng facebook"
        },
        {
            "id": "100078885091836",
            "count": 0,
            "name": "Người dùng facebook"
        },
        {
            "id": "100072259193818",
            "count": 0,
            "name": "Người dùng facebook"
        },
        {
            "id": "100025021897991",
            "count": 0,
            "name": "Người dùng facebook"
        },
        {
            "id": "100012042915964",
            "count": 0,
            "name": "Người dùng facebook"
        },
        {
            "id": "100082046686440",
            "count": 0,
            "name": "Người dùng facebook"
        },
        {
            "id": "100070556119030",
            "count": 0,
            "name": "Người dùng facebook"
        },
        {
            "id": "61552307430516",
            "count": 0,
            "name": "Người dùng facebook"
        },
        {
            "id": "100074810360886",
            "count": 0,
            "name": "Người dùng facebook"
        },
        {
            "id": "100071518895639",
            "count": 0,
            "name": "Người dùng facebook"
        },
        {
            "id": "100083185471001",
            "count": 0,
            "name": "Người dùng facebook"
        },
        {
            "id": "100056216604645",
            "count": 0,
            "name": "Người dùng facebook"
        },
        {
            "id": "100086431084571",
            "count": 0,
            "name": "Người dùng facebook"
        },
        {
            "id": "100077720737760",
            "count": 0,
            "name": "Người dùng facebook"
        },
        {
            "id": "100068510486557",
            "count": 0,
            "name": "Người dùng facebook"
        },
        {
            "id": "100070658948527",
            "count": 0,
            "name": "Người dùng facebook"
        },
        {
            "id": "100093213215783",
            "count": 0,
            "name": "Người dùng facebook"
        },
        {
            "id": "100084246529358",
            "count": 0,
            "name": "Người dùng facebook"
        },
        {
            "id": "100088572968259",
            "count": 0,
            "name": "Người dùng facebook"
        },
        {
            "id": "100089784557722",
            "count": 0,
            "name": "Người dùng facebook"
        },
        {
            "id": "100093262694941",
            "count": 0,
            "name": "Người dùng facebook"
        },
        {
            "id": "61552749213731",
            "count": 0,
            "name": "Người dùng facebook"
        },
        {
            "id": "100087157105680",
            "count": 0,
            "name": "Người dùng facebook"
        },
        {
            "id": "100092341720160",
            "count": 0,
            "name": "Người dùng facebook"
        },
        {
            "id": "100090088778129",
            "count": 0,
            "name": "Người dùng facebook"
        },
        {
            "id": "100092875825004",
            "count": 0,
            "name": "Người dùng facebook"
        },
        {
            "id": "100087900972456",
            "count": 0,
            "name": "Người dùng facebook"
        },
        {
            "id": "100022578915119",
            "count": 0,
            "name": "Người dùng facebook"
        },
        {
            "id": "100026005823127",
            "count": 0,
            "name": "Người dùng facebook"
        },
        {
            "id": "100033115639364",
            "count": 0,
            "name": "Người dùng facebook"
        },
        {
            "id": "100090545599867",
            "count": 0,
            "name": "Người dùng facebook"
        },
        {
            "id": "100009801367183",
            "count": 0,
            "name": "Người dùng facebook"
        },
        {
            "id": "100072219467141",
            "count": 0,
            "name": "Người dùng facebook"
        },
        {
            "id": "100055447667789",
            "count": 0,
            "name": "Người dùng facebook"
        },
        {
            "id": "100067197609933",
            "count": 0,
            "name": "Người dùng facebook"
        },
        {
            "id": "100078056951336",
            "count": 0,
            "name": "Người dùng facebook"
        },
        {
            "id": "100078159376885",
            "count": 0,
            "name": "Người dùng facebook"
        },
        {
            "id": "100060614941673",
            "count": 0,
            "name": "Người dùng facebook"
        },
        {
            "id": "100076581342316",
            "count": 0,
            "name": "Người dùng facebook"
        },
        {
            "id": "100047943019679",
            "count": 0,
            "name": "Người dùng facebook"
        },
        {
            "id": "100033972169902",
            "count": 0,
            "name": "Người dùng facebook"
        },
        {
            "id": "100087970566914",
            "count": 0,
            "name": "Người dùng facebook"
        },
        {
            "id": "100088885773760",
            "count": 0,
            "name": "Người dùng facebook"
        },
        {
            "id": "100001838241327",
            "count": 0,
            "name": "Phương Anh Thị Trần"
        },
        {
            "id": "100014919848155",
            "count": 0,
            "name": "Người dùng facebook"
        },
        {
            "id": "61555434850890",
            "count": 0,
            "name": "Người dùng facebook"
        },
        {
            "id": "100089555205355",
            "count": 0,
            "name": "Người dùng facebook"
        },
        {
            "id": "61555142169864",
            "count": 0,
            "name": "Người dùng facebook"
        },
        {
            "id": "100030492153336",
            "count": 0,
            "name": "Người dùng facebook"
        },
        {
            "id": "100072676298067",
            "count": 0,
            "name": "Người dùng facebook"
        },
        {
            "id": "61555855490021",
            "count": 0,
            "name": "Người dùng facebook"
        },
        {
            "id": "100015490876253",
            "count": 0,
            "name": "Người dùng facebook"
        },
        {
            "id": "100038767179560",
            "count": 0,
            "name": "Người dùng facebook"
        },
        {
            "id": "61555359178695",
            "count": 0,
            "name": "Người dùng facebook"
        },
        {
            "id": "61552284926030",
            "count": 0,
            "name": "Người dùng facebook"
        },
        {
            "id": "100065163737555",
            "count": 0,
            "name": "Người dùng facebook"
        },
        {
            "id": "100088196952564",
            "count": 0,
            "name": "Người dùng facebook"
        },
        {
            "id": "100079132493558",
            "count": 0,
            "name": "Người dùng facebook"
        },
        {
            "id": "100074754751365",
            "count": 0,
            "name": "Người dùng facebook"
        },
        {
            "id": "100045044874159",
            "count": 0,
            "name": "Người dùng facebook"
        },
        {
            "id": "61553692727188",
            "count": 0,
            "name": "Người dùng facebook"
        },
        {
            "id": "100009193419033",
            "count": 0,
            "name": "Người dùng facebook"
        },
        {
            "id": "100009159217334",
            "count": 0,
            "name": "Người dùng facebook"
        },
        {
            "id": "100068917531388",
            "count": 0,
            "name": "Người dùng facebook"
        },
        {
            "id": "100089005406505",
            "count": 0,
            "name": "Người dùng facebook"
        },
        {
            "id": "100076916682483",
            "count": 0,
            "name": "Người dùng facebook"
        },
        {
            "id": "100060070931190",
            "count": 0,
            "name": "Người dùng facebook"
        },
        {
            "id": "61554705662478",
            "count": 0,
            "name": "Người dùng facebook"
        },
        {
            "id": "1035610497",
            "count": 0,
            "name": "Người dùng facebook"
        },
        {
            "id": "100077039040393",
            "count": 0,
            "name": "Người dùng facebook"
        },
        {
            "id": "100056904891226",
            "count": 0,
            "name": "Người dùng facebook"
        },
        {
            "id": "100054631429157",
            "count": 0,
            "name": "Người dùng facebook"
        },
        {
            "id": "100028763857186",
            "count": 0,
            "name": "Người dùng facebook"
        },
        {
            "id": "100081843803165",
            "count": 0,
            "name": "Người dùng facebook"
        },
        {
            "id": "100055007880202",
            "count": 0,
            "name": "Người dùng facebook"
        },
        {
            "id": "100001837873386",
            "count": 0,
            "name": "Trần Thị Kim Anh"
        },
        {
            "id": "61555510830493",
            "count": 0,
            "name": "Người dùng facebook"
        },
        {
            "id": "100078766111435",
            "count": 0,
            "name": "Người dùng facebook"
        },
        {
            "id": "100008373421436",
            "count": 0,
            "name": "Người dùng Facebook"
        }
    ],
    "time": 6,
    "last": {
        "time": 4,
        "day": [
            {
                "id": "100037465932663",
                "count": 0
            },
            {
                "id": "100055048871712",
                "count": 0
            },
            {
                "id": "100069210124680",
                "count": 0
            },
            {
                "id": "61552776494105",
                "count": 0
            },
            {
                "id": "100081001323890",
                "count": 0
            },
            {
                "id": "100040592027878",
                "count": 0
            },
            {
                "id": "100079574868095",
                "count": 0
            },
            {
                "id": "100087143886810",
                "count": 0
            },
            {
                "id": "100082582071448",
                "count": 0
            },
            {
                "id": "100064242353541",
                "count": 0
            },
            {
                "id": "100086718107968",
                "count": 0
            },
            {
                "id": "100022255179381",
                "count": 0
            },
            {
                "id": "100088145913190",
                "count": 0
            },
            {
                "id": "100076281390698",
                "count": 0
            },
            {
                "id": "100049705127967",
                "count": 0
            },
            {
                "id": "100082016965774",
                "count": 0
            },
            {
                "id": "100068096370437",
                "count": 0
            },
            {
                "id": "100035251842433",
                "count": 0
            },
            {
                "id": "100058682197774",
                "count": 0
            },
            {
                "id": "100039375701392",
                "count": 0
            },
            {
                "id": "100047408481457",
                "count": 0
            },
            {
                "id": "100086711572249",
                "count": 0
            },
            {
                "id": "100046642711399",
                "count": 0
            },
            {
                "id": "100009113414262",
                "count": 0
            },
            {
                "id": "100078885091836",
                "count": 0
            },
            {
                "id": "100072259193818",
                "count": 0
            },
            {
                "id": "100025021897991",
                "count": 0
            },
            {
                "id": "100012042915964",
                "count": 0
            },
            {
                "id": "100082046686440",
                "count": 0
            },
            {
                "id": "100070556119030",
                "count": 0
            },
            {
                "id": "61552307430516",
                "count": 0
            },
            {
                "id": "100074810360886",
                "count": 0
            },
            {
                "id": "100071518895639",
                "count": 0
            },
            {
                "id": "100083185471001",
                "count": 0
            },
            {
                "id": "100056216604645",
                "count": 0
            },
            {
                "id": "100086431084571",
                "count": 0
            },
            {
                "id": "100077720737760",
                "count": 0
            },
            {
                "id": "100068510486557",
                "count": 0
            },
            {
                "id": "100070658948527",
                "count": 0
            },
            {
                "id": "100093213215783",
                "count": 0
            },
            {
                "id": "100084246529358",
                "count": 0
            },
            {
                "id": "100088572968259",
                "count": 0
            },
            {
                "id": "100089784557722",
                "count": 0
            },
            {
                "id": "100093262694941",
                "count": 0
            },
            {
                "id": "61552749213731",
                "count": 0
            },
            {
                "id": "100087157105680",
                "count": 0
            },
            {
                "id": "100092341720160",
                "count": 0
            },
            {
                "id": "100090088778129",
                "count": 0
            },
            {
                "id": "100092875825004",
                "count": 0
            },
            {
                "id": "100087900972456",
                "count": 0
            },
            {
                "id": "100022578915119",
                "count": 0
            },
            {
                "id": "100026005823127",
                "count": 0
            },
            {
                "id": "100033115639364",
                "count": 0
            },
            {
                "id": "100090545599867",
                "count": 0
            },
            {
                "id": "100009801367183",
                "count": 0
            },
            {
                "id": "100072219467141",
                "count": 0
            },
            {
                "id": "100055447667789",
                "count": 0
            },
            {
                "id": "100067197609933",
                "count": 0
            },
            {
                "id": "100078056951336",
                "count": 0
            },
            {
                "id": "100078159376885",
                "count": 0
            },
            {
                "id": "100060614941673",
                "count": 0
            },
            {
                "id": "100076581342316",
                "count": 0
            },
            {
                "id": "100047943019679",
                "count": 0
            },
            {
                "id": "100033972169902",
                "count": 0
            },
            {
                "id": "100087970566914",
                "count": 0
            },
            {
                "id": "100088885773760",
                "count": 0
            },
            {
                "id": "100001838241327",
                "count": 0
            },
            {
                "id": "100014919848155",
                "count": 0
            },
            {
                "id": "61555434850890",
                "count": 0
            },
            {
                "id": "100089555205355",
                "count": 0
            },
            {
                "id": "61555142169864",
                "count": 0
            },
            {
                "id": "100030492153336",
                "count": 0
            },
            {
                "id": "100072676298067",
                "count": 0
            },
            {
                "id": "61555855490021",
                "count": 0
            },
            {
                "id": "100015490876253",
                "count": 0
            },
            {
                "id": "100038767179560",
                "count": 0
            },
            {
                "id": "100077105634470",
                "count": 0
            },
            {
                "id": "61555359178695",
                "count": 0
            },
            {
                "id": "100082169456718",
                "count": 0
            },
            {
                "id": "61552284926030",
                "count": 0
            },
            {
                "id": "100065163737555",
                "count": 0
            },
            {
                "id": "100093476194379",
                "count": 0
            },
            {
                "id": "100088196952564",
                "count": 0
            },
            {
                "id": "100079132493558",
                "count": 0
            },
            {
                "id": "100074754751365",
                "count": 0
            },
            {
                "id": "100045044874159",
                "count": 0
            },
            {
                "id": "61553692727188",
                "count": 0
            },
            {
                "id": "100009193419033",
                "count": 0
            },
            {
                "id": "100009159217334",
                "count": 0
            },
            {
                "id": "100068917531388",
                "count": 0
            },
            {
                "id": "100094403603593",
                "count": 0
            },
            {
                "id": "100089005406505",
                "count": 0
            },
            {
                "id": "100076916682483",
                "count": 0
            },
            {
                "id": "100060070931190",
                "count": 0
            },
            {
                "id": "61554705662478",
                "count": 0
            },
            {
                "id": "1035610497",
                "count": 0
            },
            {
                "id": "100077039040393",
                "count": 0
            },
            {
                "id": "100056904891226",
                "count": 0
            },
            {
                "id": "100054631429157",
                "count": 0
            },
            {
                "id": "100037353228165",
                "count": 0
            },
            {
                "id": "100028763857186",
                "count": 0
            },
            {
                "id": "100081843803165",
                "count": 0
            },
            {
                "id": "100055007880202",
                "count": 0
            },
            {
                "id": "100001837873386",
                "count": 0
            },
            {
                "id": "61555510830493",
                "count": 0
            },
            {
                "id": "100094047264353",
                "count": 0
            },
            {
                "id": "100092353508101",
                "count": 0
            },
            {
                "id": "100078766111435",
                "count": 0
            },
            {
                "id": "100008373421436",
                "count": 0
            }
        ],
        "week": [
            {
                "id": "100037465932663",
                "count": 0
            },
            {
                "id": "100055048871712",
                "count": 0
            },
            {
                "id": "100069210124680",
                "count": 0
            },
            {
                "id": "61552776494105",
                "count": 0
            },
            {
                "id": "100081001323890",
                "count": 0
            },
            {
                "id": "100040592027878",
                "count": 0
            },
            {
                "id": "100079574868095",
                "count": 0
            },
            {
                "id": "100087143886810",
                "count": 0
            },
            {
                "id": "100082582071448",
                "count": 0
            },
            {
                "id": "100064242353541",
                "count": 0
            },
            {
                "id": "100086718107968",
                "count": 0
            },
            {
                "id": "100022255179381",
                "count": 0
            },
            {
                "id": "100088145913190",
                "count": 0
            },
            {
                "id": "100076281390698",
                "count": 0
            },
            {
                "id": "100049705127967",
                "count": 0
            },
            {
                "id": "100082016965774",
                "count": 0
            },
            {
                "id": "100068096370437",
                "count": 0
            },
            {
                "id": "100035251842433",
                "count": 0
            },
            {
                "id": "100058682197774",
                "count": 0
            },
            {
                "id": "100039375701392",
                "count": 0
            },
            {
                "id": "100047408481457",
                "count": 0
            },
            {
                "id": "100086711572249",
                "count": 0
            },
            {
                "id": "100046642711399",
                "count": 0
            },
            {
                "id": "100009113414262",
                "count": 0
            },
            {
                "id": "100078885091836",
                "count": 0
            },
            {
                "id": "100072259193818",
                "count": 0
            },
            {
                "id": "100025021897991",
                "count": 0
            },
            {
                "id": "100012042915964",
                "count": 0
            },
            {
                "id": "100082046686440",
                "count": 0
            },
            {
                "id": "100070556119030",
                "count": 0
            },
            {
                "id": "61552307430516",
                "count": 0
            },
            {
                "id": "100074810360886",
                "count": 0
            },
            {
                "id": "100071518895639",
                "count": 0
            },
            {
                "id": "100083185471001",
                "count": 0
            },
            {
                "id": "100056216604645",
                "count": 0
            },
            {
                "id": "100086431084571",
                "count": 0
            },
            {
                "id": "100077720737760",
                "count": 0
            },
            {
                "id": "100068510486557",
                "count": 0
            },
            {
                "id": "100070658948527",
                "count": 0
            },
            {
                "id": "100093213215783",
                "count": 0
            },
            {
                "id": "100084246529358",
                "count": 0
            },
            {
                "id": "100088572968259",
                "count": 0
            },
            {
                "id": "100089784557722",
                "count": 0
            },
            {
                "id": "100093262694941",
                "count": 0
            },
            {
                "id": "61552749213731",
                "count": 0
            },
            {
                "id": "100087157105680",
                "count": 0
            },
            {
                "id": "100092341720160",
                "count": 0
            },
            {
                "id": "100090088778129",
                "count": 0
            },
            {
                "id": "100092875825004",
                "count": 0
            },
            {
                "id": "100087900972456",
                "count": 0
            },
            {
                "id": "100022578915119",
                "count": 0
            },
            {
                "id": "100026005823127",
                "count": 0
            },
            {
                "id": "100033115639364",
                "count": 0
            },
            {
                "id": "100090545599867",
                "count": 0
            },
            {
                "id": "100009801367183",
                "count": 0
            },
            {
                "id": "100072219467141",
                "count": 0
            },
            {
                "id": "100055447667789",
                "count": 0
            },
            {
                "id": "100067197609933",
                "count": 0
            },
            {
                "id": "100078056951336",
                "count": 0
            },
            {
                "id": "100078159376885",
                "count": 0
            },
            {
                "id": "100060614941673",
                "count": 0
            },
            {
                "id": "100076581342316",
                "count": 0
            },
            {
                "id": "100047943019679",
                "count": 0
            },
            {
                "id": "100033972169902",
                "count": 0
            },
            {
                "id": "100087970566914",
                "count": 0
            },
            {
                "id": "100088885773760",
                "count": 0
            },
            {
                "id": "100001838241327",
                "count": 0
            },
            {
                "id": "100014919848155",
                "count": 0
            },
            {
                "id": "61555434850890",
                "count": 0
            },
            {
                "id": "100089555205355",
                "count": 0
            },
            {
                "id": "61555142169864",
                "count": 0
            },
            {
                "id": "100030492153336",
                "count": 0
            },
            {
                "id": "100072676298067",
                "count": 0
            },
            {
                "id": "61555855490021",
                "count": 0
            },
            {
                "id": "100015490876253",
                "count": 0
            },
            {
                "id": "100038767179560",
                "count": 0
            },
            {
                "id": "100077105634470",
                "count": 0
            },
            {
                "id": "61555359178695",
                "count": 0
            },
            {
                "id": "100082169456718",
                "count": 0
            },
            {
                "id": "61552284926030",
                "count": 0
            },
            {
                "id": "100065163737555",
                "count": 0
            },
            {
                "id": "100093476194379",
                "count": 0
            },
            {
                "id": "100088196952564",
                "count": 0
            },
            {
                "id": "100079132493558",
                "count": 0
            },
            {
                "id": "100074754751365",
                "count": 0
            },
            {
                "id": "100045044874159",
                "count": 0
            },
            {
                "id": "61553692727188",
                "count": 0
            },
            {
                "id": "100009193419033",
                "count": 0
            },
            {
                "id": "100009159217334",
                "count": 0
            },
            {
                "id": "100068917531388",
                "count": 0
            },
            {
                "id": "100094403603593",
                "count": 0
            },
            {
                "id": "100089005406505",
                "count": 0
            },
            {
                "id": "100076916682483",
                "count": 0
            },
            {
                "id": "100060070931190",
                "count": 0
            },
            {
                "id": "61554705662478",
                "count": 0
            },
            {
                "id": "1035610497",
                "count": 0
            },
            {
                "id": "100077039040393",
                "count": 0
            },
            {
                "id": "100056904891226",
                "count": 0
            },
            {
                "id": "100054631429157",
                "count": 0
            },
            {
                "id": "100037353228165",
                "count": 0
            },
            {
                "id": "100028763857186",
                "count": 0
            },
            {
                "id": "100081843803165",
                "count": 0
            },
            {
                "id": "100055007880202",
                "count": 0
            },
            {
                "id": "100001837873386",
                "count": 0
            },
            {
                "id": "61555510830493",
                "count": 0
            },
            {
                "id": "100094047264353",
                "count": 0
            },
            {
                "id": "100092353508101",
                "count": 0
            },
            {
                "id": "100078766111435",
                "count": 0
            },
            {
                "id": "100008373421436",
                "count": 0
            }
        ]
    }
}