{
    "total": [
        {
            "id": "100094911711160",
            "count": 87
        },
        {
            "id": "100089281770842",
            "count": 0
        },
        {
            "id": "61554726938546",
            "count": 0
        },
        {
            "id": "100038740121428",
            "count": 0
        },
        {
            "id": "61560392341264",
            "count": 0
        },
        {
            "id": "61562086451955",
            "count": 0
        },
        {
            "id": "100088577864287",
            "count": 0
        },
        {
            "id": "100059454822702",
            "count": 4
        },
        {
            "id": "61562748484659",
            "count": 0
        },
        {
            "id": "100082668132301",
            "count": 1
        },
        {
            "id": "100075302427263",
            "count": 0
        },
        {
            "id": "100081328272813",
            "count": 0
        },
        {
            "id": "100073099357966",
            "count": 0
        },
        {
            "id": "100001650842736",
            "count": 0
        },
        {
            "id": "100067508386723",
            "count": 0
        },
        {
            "id": "61562065684133",
            "count": 0
        },
        {
            "id": "61554221352772",
            "count": 0
        },
        {
            "id": "61557543538603",
            "count": 0
        },
        {
            "id": "61562261835048",
            "count": 0
        },
        {
            "id": "61562779757407",
            "count": 0
        },
        {
            "id": "1334285798",
            "count": 0
        },
        {
            "id": "61555994682729",
            "count": 5
        },
        {
            "id": "61557447626439",
            "count": 0
        },
        {
            "id": "61563450811249",
            "count": 0
        },
        {
            "id": "61551763396420",
            "count": 0
        },
        {
            "id": "100083380484024",
            "count": 0
        },
        {
            "id": "100000493975005",
            "count": 0
        },
        {
            "id": "61563832109498",
            "count": 0
        },
        {
            "id": "100005615199550",
            "count": 0
        },
        {
            "id": "61556235459596",
            "count": 95
        },
        {
            "id": "100004843986565",
            "count": 0
        },
        {
            "id": "100089053806243",
            "count": 0
        },
        {
            "id": "61560261936624",
            "count": 0
        },
        {
            "id": "100052864253944",
            "count": 0
        },
        {
            "id": "61560179044114",
            "count": 3
        },
        {
            "id": "100055304494389",
            "count": 70
        },
        {
            "id": "100084035917282",
            "count": 0
        },
        {
            "id": "61559284310938",
            "count": 63
        },
        {
            "id": "61563501210398",
            "count": 0
        },
        {
            "id": "100046194132744",
            "count": 9
        },
        {
            "id": "100093284960552",
            "count": 6
        },
        {
            "id": "61556749946332",
            "count": 0
        },
        {
            "id": "100092484965215",
            "count": 3
        },
        {
            "id": "61556247580107",
            "count": 108
        },
        {
            "id": "61550962658401",
            "count": 44
        },
        {
            "id": "61559623027604",
            "count": 50
        },
        {
            "id": "61559285217272",
            "count": 0
        },
        {
            "id": "61564132940695",
            "count": 0
        },
        {
            "id": "100070819382775",
            "count": 0
        },
        {
            "id": "61552707897116",
            "count": 2
        }
    ],
    "week": [
        {
            "id": "100094911711160",
            "count": 87
        },
        {
            "id": "100089281770842",
            "count": 0
        },
        {
            "id": "61554726938546",
            "count": 0
        },
        {
            "id": "100038740121428",
            "count": 0
        },
        {
            "id": "61560392341264",
            "count": 0
        },
        {
            "id": "61562086451955",
            "count": 0
        },
        {
            "id": "100088577864287",
            "count": 0
        },
        {
            "id": "100059454822702",
            "count": 4
        },
        {
            "id": "61562748484659",
            "count": 0
        },
        {
            "id": "100082668132301",
            "count": 1
        },
        {
            "id": "100075302427263",
            "count": 0
        },
        {
            "id": "100081328272813",
            "count": 0
        },
        {
            "id": "100073099357966",
            "count": 0
        },
        {
            "id": "100001650842736",
            "count": 0
        },
        {
            "id": "100067508386723",
            "count": 0
        },
        {
            "id": "61562065684133",
            "count": 0
        },
        {
            "id": "61554221352772",
            "count": 0
        },
        {
            "id": "61557543538603",
            "count": 0
        },
        {
            "id": "61562261835048",
            "count": 0
        },
        {
            "id": "61562779757407",
            "count": 0
        },
        {
            "id": "1334285798",
            "count": 0
        },
        {
            "id": "61555994682729",
            "count": 5
        },
        {
            "id": "61557447626439",
            "count": 0
        },
        {
            "id": "61563450811249",
            "count": 0
        },
        {
            "id": "61551763396420",
            "count": 0
        },
        {
            "id": "100083380484024",
            "count": 0
        },
        {
            "id": "100000493975005",
            "count": 0
        },
        {
            "id": "61563832109498",
            "count": 0
        },
        {
            "id": "100005615199550",
            "count": 0
        },
        {
            "id": "61556235459596",
            "count": 95
        },
        {
            "id": "100004843986565",
            "count": 0
        },
        {
            "id": "100089053806243",
            "count": 0
        },
        {
            "id": "61560261936624",
            "count": 0
        },
        {
            "id": "100052864253944",
            "count": 0
        },
        {
            "id": "61560179044114",
            "count": 3
        },
        {
            "id": "100055304494389",
            "count": 70
        },
        {
            "id": "100084035917282",
            "count": 0
        },
        {
            "id": "61559284310938",
            "count": 63
        },
        {
            "id": "61563501210398",
            "count": 0
        },
        {
            "id": "100046194132744",
            "count": 9
        },
        {
            "id": "100093284960552",
            "count": 6
        },
        {
            "id": "61556749946332",
            "count": 0
        },
        {
            "id": "100092484965215",
            "count": 3
        },
        {
            "id": "61556247580107",
            "count": 108
        },
        {
            "id": "61550962658401",
            "count": 44
        },
        {
            "id": "61559623027604",
            "count": 50
        },
        {
            "id": "61559285217272",
            "count": 0
        },
        {
            "id": "61564132940695",
            "count": 0
        },
        {
            "id": "100070819382775",
            "count": 0
        },
        {
            "id": "61552707897116",
            "count": 2
        }
    ],
    "day": [
        {
            "id": "100094911711160",
            "count": 87
        },
        {
            "id": "100089281770842",
            "count": 0
        },
        {
            "id": "61554726938546",
            "count": 0
        },
        {
            "id": "100038740121428",
            "count": 0
        },
        {
            "id": "61560392341264",
            "count": 0
        },
        {
            "id": "61562086451955",
            "count": 0
        },
        {
            "id": "100088577864287",
            "count": 0
        },
        {
            "id": "100059454822702",
            "count": 4
        },
        {
            "id": "61562748484659",
            "count": 0
        },
        {
            "id": "100082668132301",
            "count": 1
        },
        {
            "id": "100075302427263",
            "count": 0
        },
        {
            "id": "100081328272813",
            "count": 0
        },
        {
            "id": "100073099357966",
            "count": 0
        },
        {
            "id": "100001650842736",
            "count": 0
        },
        {
            "id": "100067508386723",
            "count": 0
        },
        {
            "id": "61562065684133",
            "count": 0
        },
        {
            "id": "61554221352772",
            "count": 0
        },
        {
            "id": "61557543538603",
            "count": 0
        },
        {
            "id": "61562261835048",
            "count": 0
        },
        {
            "id": "61562779757407",
            "count": 0
        },
        {
            "id": "1334285798",
            "count": 0
        },
        {
            "id": "61555994682729",
            "count": 5
        },
        {
            "id": "61557447626439",
            "count": 0
        },
        {
            "id": "61563450811249",
            "count": 0
        },
        {
            "id": "61551763396420",
            "count": 0
        },
        {
            "id": "100083380484024",
            "count": 0
        },
        {
            "id": "100000493975005",
            "count": 0
        },
        {
            "id": "61563832109498",
            "count": 0
        },
        {
            "id": "100005615199550",
            "count": 0
        },
        {
            "id": "61556235459596",
            "count": 95
        },
        {
            "id": "100004843986565",
            "count": 0
        },
        {
            "id": "100089053806243",
            "count": 0
        },
        {
            "id": "61560261936624",
            "count": 0
        },
        {
            "id": "100052864253944",
            "count": 0
        },
        {
            "id": "61560179044114",
            "count": 3
        },
        {
            "id": "100055304494389",
            "count": 70
        },
        {
            "id": "100084035917282",
            "count": 0
        },
        {
            "id": "61559284310938",
            "count": 63
        },
        {
            "id": "61563501210398",
            "count": 0
        },
        {
            "id": "100046194132744",
            "count": 9
        },
        {
            "id": "100093284960552",
            "count": 6
        },
        {
            "id": "61556749946332",
            "count": 0
        },
        {
            "id": "100092484965215",
            "count": 3
        },
        {
            "id": "61556247580107",
            "count": 108
        },
        {
            "id": "61550962658401",
            "count": 44
        },
        {
            "id": "61559623027604",
            "count": 50
        },
        {
            "id": "61559285217272",
            "count": 0
        },
        {
            "id": "61564132940695",
            "count": 0
        },
        {
            "id": "100070819382775",
            "count": 0
        },
        {
            "id": "61552707897116",
            "count": 2
        }
    ],
    "time": 6,
    "last": {
        "time": 5,
        "day": [
            {
                "id": "100094911711160",
                "count": 0
            },
            {
                "id": "100089281770842",
                "count": 0
            },
            {
                "id": "61554726938546",
                "count": 0
            },
            {
                "id": "100038740121428",
                "count": 0
            },
            {
                "id": "61560392341264",
                "count": 0
            },
            {
                "id": "61562086451955",
                "count": 0
            },
            {
                "id": "100088577864287",
                "count": 0
            },
            {
                "id": "100059454822702",
                "count": 0
            },
            {
                "id": "61562748484659",
                "count": 0
            },
            {
                "id": "100082668132301",
                "count": 0
            },
            {
                "id": "100075302427263",
                "count": 0
            },
            {
                "id": "100081328272813",
                "count": 0
            },
            {
                "id": "100073099357966",
                "count": 0
            },
            {
                "id": "100001650842736",
                "count": 0
            },
            {
                "id": "100067508386723",
                "count": 0
            },
            {
                "id": "61562065684133",
                "count": 0
            },
            {
                "id": "61554221352772",
                "count": 0
            },
            {
                "id": "61557543538603",
                "count": 0
            },
            {
                "id": "61562261835048",
                "count": 0
            },
            {
                "id": "61562779757407",
                "count": 0
            },
            {
                "id": "1334285798",
                "count": 0
            },
            {
                "id": "61555994682729",
                "count": 0
            },
            {
                "id": "61557447626439",
                "count": 0
            },
            {
                "id": "61563450811249",
                "count": 0
            },
            {
                "id": "61551763396420",
                "count": 0
            },
            {
                "id": "100083380484024",
                "count": 0
            },
            {
                "id": "100000493975005",
                "count": 0
            },
            {
                "id": "61563832109498",
                "count": 0
            },
            {
                "id": "100005615199550",
                "count": 0
            },
            {
                "id": "61556235459596",
                "count": 0
            },
            {
                "id": "100004843986565",
                "count": 0
            },
            {
                "id": "100089053806243",
                "count": 0
            },
            {
                "id": "61560261936624",
                "count": 0
            },
            {
                "id": "100052864253944",
                "count": 0
            },
            {
                "id": "61560179044114",
                "count": 0
            },
            {
                "id": "100055304494389",
                "count": 0
            },
            {
                "id": "100084035917282",
                "count": 0
            },
            {
                "id": "61559284310938",
                "count": 0
            },
            {
                "id": "61563501210398",
                "count": 0
            },
            {
                "id": "100046194132744",
                "count": 0
            },
            {
                "id": "100093284960552",
                "count": 0
            },
            {
                "id": "61556749946332",
                "count": 0
            },
            {
                "id": "100092484965215",
                "count": 0
            },
            {
                "id": "61556247580107",
                "count": 0
            },
            {
                "id": "61550962658401",
                "count": 0
            },
            {
                "id": "61559623027604",
                "count": 0
            },
            {
                "id": "61559285217272",
                "count": 0
            },
            {
                "id": "61564132940695",
                "count": 0
            },
            {
                "id": "100070819382775",
                "count": 0
            },
            {
                "id": "61552707897116",
                "count": 0
            }
        ],
        "week": [
            {
                "id": "100094911711160",
                "count": 0
            },
            {
                "id": "100089281770842",
                "count": 0
            },
            {
                "id": "61554726938546",
                "count": 0
            },
            {
                "id": "100038740121428",
                "count": 0
            },
            {
                "id": "61560392341264",
                "count": 0
            },
            {
                "id": "61562086451955",
                "count": 0
            },
            {
                "id": "100088577864287",
                "count": 0
            },
            {
                "id": "100059454822702",
                "count": 0
            },
            {
                "id": "61562748484659",
                "count": 0
            },
            {
                "id": "100082668132301",
                "count": 0
            },
            {
                "id": "100075302427263",
                "count": 0
            },
            {
                "id": "100081328272813",
                "count": 0
            },
            {
                "id": "100073099357966",
                "count": 0
            },
            {
                "id": "100001650842736",
                "count": 0
            },
            {
                "id": "100067508386723",
                "count": 0
            },
            {
                "id": "61562065684133",
                "count": 0
            },
            {
                "id": "61554221352772",
                "count": 0
            },
            {
                "id": "61557543538603",
                "count": 0
            },
            {
                "id": "61562261835048",
                "count": 0
            },
            {
                "id": "61562779757407",
                "count": 0
            },
            {
                "id": "1334285798",
                "count": 0
            },
            {
                "id": "61555994682729",
                "count": 0
            },
            {
                "id": "61557447626439",
                "count": 0
            },
            {
                "id": "61563450811249",
                "count": 0
            },
            {
                "id": "61551763396420",
                "count": 0
            },
            {
                "id": "100083380484024",
                "count": 0
            },
            {
                "id": "100000493975005",
                "count": 0
            },
            {
                "id": "61563832109498",
                "count": 0
            },
            {
                "id": "100005615199550",
                "count": 0
            },
            {
                "id": "61556235459596",
                "count": 0
            },
            {
                "id": "100004843986565",
                "count": 0
            },
            {
                "id": "100089053806243",
                "count": 0
            },
            {
                "id": "61560261936624",
                "count": 0
            },
            {
                "id": "100052864253944",
                "count": 0
            },
            {
                "id": "61560179044114",
                "count": 0
            },
            {
                "id": "100055304494389",
                "count": 0
            },
            {
                "id": "100084035917282",
                "count": 0
            },
            {
                "id": "61559284310938",
                "count": 0
            },
            {
                "id": "61563501210398",
                "count": 0
            },
            {
                "id": "100046194132744",
                "count": 0
            },
            {
                "id": "100093284960552",
                "count": 0
            },
            {
                "id": "61556749946332",
                "count": 0
            },
            {
                "id": "100092484965215",
                "count": 0
            },
            {
                "id": "61556247580107",
                "count": 0
            },
            {
                "id": "61550962658401",
                "count": 0
            },
            {
                "id": "61559623027604",
                "count": 0
            },
            {
                "id": "61559285217272",
                "count": 0
            },
            {
                "id": "61564132940695",
                "count": 0
            },
            {
                "id": "100070819382775",
                "count": 0
            },
            {
                "id": "61552707897116",
                "count": 0
            }
        ]
    }
}