{
    "total": [
        {
            "id": "100093617220614",
            "count": 409
        },
        {
            "id": "100077430777928",
            "count": 272
        },
        {
            "id": "100081798759589",
            "count": 550
        },
        {
            "id": "100073174211782",
            "count": 73
        },
        {
            "id": "100093551195368",
            "count": 4
        },
        {
            "id": "100092672592607",
            "count": 42
        },
        {
            "id": "100085502468631",
            "count": 0
        },
        {
            "id": "100088015941445",
            "count": 194
        },
        {
            "id": "100080636570443",
            "count": 6
        },
        {
            "id": "100074137226830",
            "count": 0
        },
        {
            "id": "100090928916358",
            "count": 2
        },
        {
            "id": "100068096370437",
            "count": 55
        },
        {
            "id": "100050019798880",
            "count": 27
        },
        {
            "id": "100079642661362",
            "count": 156
        },
        {
            "id": "100090677015260",
            "count": 5
        },
        {
            "id": "100093050230411",
            "count": 30
        },
        {
            "id": "100060515170596",
            "count": 8
        },
        {
            "id": "100083213739879",
            "count": 117
        },
        {
            "id": "100001837873386",
            "count": 0
        },
        {
            "id": "100079339675014",
            "count": 43
        },
        {
            "id": "100089833719568",
            "count": 36
        },
        {
            "id": "100008373421436",
            "count": 0
        }
    ],
    "week": [
        {
            "id": "100093617220614",
            "count": 41,
            "name": "Thanhh Thúyy"
        },
        {
            "id": "100077430777928",
            "count": 30,
            "name": "Hoàng Duy"
        },
        {
            "id": "100081798759589",
            "count": 42,
            "name": "Cn Mao Hay Suy"
        },
        {
            "id": "100073174211782",
            "count": 0,
            "name": "Cam Meo"
        },
        {
            "id": "100093551195368",
            "count": 0,
            "name": "Kieu Anh"
        },
        {
            "id": "100092672592607",
            "count": 0,
            "name": "Dimethyl Cadmium"
        },
        {
            "id": "100085502468631",
            "count": 0,
            "name": "Sữa Chua Trân Châu"
        },
        {
            "id": "100088015941445",
            "count": 3,
            "name": "Thu Uynn"
        },
        {
            "id": "100080636570443",
            "count": 0,
            "name": "Bich Trinh"
        },
        {
            "id": "100074137226830",
            "count": 0,
            "name": "Ahn Thư"
        },
        {
            "id": "100090928916358",
            "count": 0,
            "name": "Ghệ Của Kacchan"
        },
        {
            "id": "100068096370437",
            "count": 3,
            "name": "Phạm Minh Đồng"
        },
        {
            "id": "100050019798880",
            "count": 1,
            "name": "Lưu Đức Hiếu"
        },
        {
            "id": "100079642661362",
            "count": 9,
            "name": "Tuyet Trinh"
        },
        {
            "id": "100090677015260",
            "count": 0,
            "name": "Ngọc Hiệp"
        },
        {
            "id": "100093050230411",
            "count": 0,
            "name": "Ng Khoa Anh"
        },
        {
            "id": "100060515170596",
            "count": 0,
            "name": "Ptr Hiếu"
        },
        {
            "id": "100083213739879",
            "count": 7,
            "name": "Ngth Ly"
        },
        {
            "id": "100001837873386",
            "count": 0,
            "name": "Trần Thị Kim Anh"
        },
        {
            "id": "100079339675014",
            "count": 0,
            "name": "Nguyễn Doanh"
        },
        {
            "id": "100089833719568",
            "count": 4,
            "name": "Nguyen Van Duong󱢏"
        },
        {
            "id": "100008373421436",
            "count": 0
        }
    ],
    "day": [
        {
            "id": "100093617220614",
            "count": 0,
            "name": "Người dùng facebook"
        },
        {
            "id": "100077430777928",
            "count": 0,
            "name": "Người dùng facebook"
        },
        {
            "id": "100081798759589",
            "count": 0,
            "name": "Người dùng facebook"
        },
        {
            "id": "100073174211782",
            "count": 0,
            "name": "Người dùng facebook"
        },
        {
            "id": "100093551195368",
            "count": 0,
            "name": "Người dùng facebook"
        },
        {
            "id": "100092672592607",
            "count": 0,
            "name": "Người dùng facebook"
        },
        {
            "id": "100085502468631",
            "count": 0,
            "name": "Người dùng facebook"
        },
        {
            "id": "100088015941445",
            "count": 0,
            "name": "Người dùng facebook"
        },
        {
            "id": "100080636570443",
            "count": 0,
            "name": "Người dùng facebook"
        },
        {
            "id": "100074137226830",
            "count": 0,
            "name": "Người dùng facebook"
        },
        {
            "id": "100090928916358",
            "count": 0,
            "name": "Người dùng facebook"
        },
        {
            "id": "100068096370437",
            "count": 0,
            "name": "Phạm Minh Đồng"
        },
        {
            "id": "100050019798880",
            "count": 0,
            "name": "Người dùng facebook"
        },
        {
            "id": "100079642661362",
            "count": 0,
            "name": "Người dùng facebook"
        },
        {
            "id": "100090677015260",
            "count": 0,
            "name": "Người dùng facebook"
        },
        {
            "id": "100093050230411",
            "count": 0,
            "name": "Người dùng facebook"
        },
        {
            "id": "100060515170596",
            "count": 0,
            "name": "Người dùng facebook"
        },
        {
            "id": "100083213739879",
            "count": 0,
            "name": "Người dùng facebook"
        },
        {
            "id": "100001837873386",
            "count": 0,
            "name": "Trần Thị Kim Anh"
        },
        {
            "id": "100079339675014",
            "count": 0,
            "name": "Người dùng facebook"
        },
        {
            "id": "100089833719568",
            "count": 0,
            "name": "Người dùng facebook"
        },
        {
            "id": "100008373421436",
            "count": 0,
            "name": "Người dùng Facebook"
        }
    ],
    "time": 6,
    "last": {
        "time": 4,
        "day": [
            {
                "id": "100093617220614",
                "count": 0
            },
            {
                "id": "100077430777928",
                "count": 0
            },
            {
                "id": "100081798759589",
                "count": 0
            },
            {
                "id": "100073174211782",
                "count": 0
            },
            {
                "id": "100093551195368",
                "count": 0
            },
            {
                "id": "100092672592607",
                "count": 0
            },
            {
                "id": "100085502468631",
                "count": 0
            },
            {
                "id": "100088015941445",
                "count": 0
            },
            {
                "id": "100080636570443",
                "count": 0
            },
            {
                "id": "100074137226830",
                "count": 0
            },
            {
                "id": "100090928916358",
                "count": 0
            },
            {
                "id": "100068096370437",
                "count": 0
            },
            {
                "id": "100050019798880",
                "count": 0
            },
            {
                "id": "100079642661362",
                "count": 0
            },
            {
                "id": "100009193419033",
                "count": 0
            },
            {
                "id": "100090677015260",
                "count": 0
            },
            {
                "id": "100093050230411",
                "count": 0
            },
            {
                "id": "100060515170596",
                "count": 0
            },
            {
                "id": "100083213739879",
                "count": 0
            },
            {
                "id": "100001837873386",
                "count": 0
            },
            {
                "id": "100079339675014",
                "count": 0
            },
            {
                "id": "100089833719568",
                "count": 0
            },
            {
                "id": "100091333598983",
                "count": 0
            },
            {
                "id": "100008373421436",
                "count": 0
            }
        ],
        "week": [
            {
                "id": "100093617220614",
                "count": 0
            },
            {
                "id": "100077430777928",
                "count": 0
            },
            {
                "id": "100081798759589",
                "count": 0
            },
            {
                "id": "100073174211782",
                "count": 0
            },
            {
                "id": "100093551195368",
                "count": 0
            },
            {
                "id": "100092672592607",
                "count": 0
            },
            {
                "id": "100085502468631",
                "count": 0
            },
            {
                "id": "100088015941445",
                "count": 0
            },
            {
                "id": "100080636570443",
                "count": 0
            },
            {
                "id": "100074137226830",
                "count": 0
            },
            {
                "id": "100090928916358",
                "count": 0
            },
            {
                "id": "100068096370437",
                "count": 0
            },
            {
                "id": "100050019798880",
                "count": 0
            },
            {
                "id": "100079642661362",
                "count": 0
            },
            {
                "id": "100009193419033",
                "count": 0
            },
            {
                "id": "100090677015260",
                "count": 0
            },
            {
                "id": "100093050230411",
                "count": 0
            },
            {
                "id": "100060515170596",
                "count": 0
            },
            {
                "id": "100083213739879",
                "count": 0
            },
            {
                "id": "100001837873386",
                "count": 0
            },
            {
                "id": "100079339675014",
                "count": 0
            },
            {
                "id": "100089833719568",
                "count": 0
            },
            {
                "id": "100091333598983",
                "count": 0
            },
            {
                "id": "100008373421436",
                "count": 0
            }
        ]
    }
}