{
    "total": [
        {
            "id": "61554221352772",
            "count": 0
        },
        {
            "id": "100075302427263",
            "count": 0
        },
        {
            "id": "100084035917282",
            "count": 0
        },
        {
            "id": "100088577864287",
            "count": 0
        },
        {
            "id": "100089281770842",
            "count": 0
        },
        {
            "id": "61562779757407",
            "count": 0
        },
        {
            "id": "61557543538603",
            "count": 0
        },
        {
            "id": "100080759211177",
            "count": 0
        },
        {
            "id": "100038740121428",
            "count": 0
        },
        {
            "id": "61562261835048",
            "count": 0
        },
        {
            "id": "61550962658401",
            "count": 1
        },
        {
            "id": "100072439105441",
            "count": 0
        },
        {
            "id": "61563477320639",
            "count": 0
        },
        {
            "id": "61563450811249",
            "count": 0
        },
        {
            "id": "100046194132744",
            "count": 2
        },
        {
            "id": "61560076791853",
            "count": 0
        },
        {
            "id": "100090073282948",
            "count": 0
        },
        {
            "id": "100083174347639",
            "count": 0
        },
        {
            "id": "100094911711160",
            "count": 0
        },
        {
            "id": "100073420669646",
            "count": 0
        },
        {
            "id": "100009801367183",
            "count": 0
        },
        {
            "id": "61553578030636",
            "count": 3
        },
        {
            "id": "61552707897116",
            "count": 1
        },
        {
            "id": "61561840845811",
            "count": 0
        },
        {
            "id": "61560667599787",
            "count": 0
        },
        {
            "id": "61560179044114",
            "count": 0
        },
        {
            "id": "61563440668643",
            "count": 0
        },
        {
            "id": "61558691518366",
            "count": 0
        },
        {
            "id": "100089033040313",
            "count": 0
        },
        {
            "id": "61562501226870",
            "count": 0
        },
        {
            "id": "61553643156660",
            "count": 0
        },
        {
            "id": "61562870807559",
            "count": 0
        },
        {
            "id": "100081016996783",
            "count": 0
        },
        {
            "id": "61561992007088",
            "count": 0
        },
        {
            "id": "61556666968083",
            "count": 0
        },
        {
            "id": "61561362279600",
            "count": 0
        },
        {
            "id": "100035234417533",
            "count": 0
        },
        {
            "id": "100003133525251",
            "count": 0
        },
        {
            "id": "61563600270027",
            "count": 0
        },
        {
            "id": "100085073240621",
            "count": 0
        },
        {
            "id": "61563195821713",
            "count": 0
        },
        {
            "id": "61563510337368",
            "count": 0
        },
        {
            "id": "100055304494389",
            "count": 0
        },
        {
            "id": "61563549853253",
            "count": 0
        },
        {
            "id": "61560261936624",
            "count": 0
        },
        {
            "id": "100004752336149",
            "count": 0
        },
        {
            "id": "100041369492342",
            "count": 0
        },
        {
            "id": "100093284960552",
            "count": 1
        }
    ],
    "week": [
        {
            "id": "61554221352772",
            "count": 0
        },
        {
            "id": "100075302427263",
            "count": 0
        },
        {
            "id": "100084035917282",
            "count": 0
        },
        {
            "id": "100088577864287",
            "count": 0
        },
        {
            "id": "100089281770842",
            "count": 0
        },
        {
            "id": "61562779757407",
            "count": 0
        },
        {
            "id": "61557543538603",
            "count": 0
        },
        {
            "id": "100080759211177",
            "count": 0
        },
        {
            "id": "100038740121428",
            "count": 0
        },
        {
            "id": "61562261835048",
            "count": 0
        },
        {
            "id": "61550962658401",
            "count": 1
        },
        {
            "id": "100072439105441",
            "count": 0
        },
        {
            "id": "61563477320639",
            "count": 0
        },
        {
            "id": "61563450811249",
            "count": 0
        },
        {
            "id": "100046194132744",
            "count": 2
        },
        {
            "id": "61560076791853",
            "count": 0
        },
        {
            "id": "100090073282948",
            "count": 0
        },
        {
            "id": "100083174347639",
            "count": 0
        },
        {
            "id": "100094911711160",
            "count": 0
        },
        {
            "id": "100073420669646",
            "count": 0
        },
        {
            "id": "100009801367183",
            "count": 0
        },
        {
            "id": "61553578030636",
            "count": 3
        },
        {
            "id": "61552707897116",
            "count": 1
        },
        {
            "id": "61561840845811",
            "count": 0
        },
        {
            "id": "61560667599787",
            "count": 0
        },
        {
            "id": "61560179044114",
            "count": 0
        },
        {
            "id": "61563440668643",
            "count": 0
        },
        {
            "id": "61558691518366",
            "count": 0
        },
        {
            "id": "100089033040313",
            "count": 0
        },
        {
            "id": "61562501226870",
            "count": 0
        },
        {
            "id": "61553643156660",
            "count": 0
        },
        {
            "id": "61562870807559",
            "count": 0
        },
        {
            "id": "100081016996783",
            "count": 0
        },
        {
            "id": "61561992007088",
            "count": 0
        },
        {
            "id": "61556666968083",
            "count": 0
        },
        {
            "id": "61561362279600",
            "count": 0
        },
        {
            "id": "100035234417533",
            "count": 0
        },
        {
            "id": "100003133525251",
            "count": 0
        },
        {
            "id": "61563600270027",
            "count": 0
        },
        {
            "id": "100085073240621",
            "count": 0
        },
        {
            "id": "61563195821713",
            "count": 0
        },
        {
            "id": "61563510337368",
            "count": 0
        },
        {
            "id": "100055304494389",
            "count": 0
        },
        {
            "id": "61563549853253",
            "count": 0
        },
        {
            "id": "61560261936624",
            "count": 0
        },
        {
            "id": "100004752336149",
            "count": 0
        },
        {
            "id": "100041369492342",
            "count": 0
        },
        {
            "id": "100093284960552",
            "count": 1
        }
    ],
    "day": [
        {
            "id": "61554221352772",
            "count": 0
        },
        {
            "id": "100075302427263",
            "count": 0
        },
        {
            "id": "100084035917282",
            "count": 0
        },
        {
            "id": "100088577864287",
            "count": 0
        },
        {
            "id": "100089281770842",
            "count": 0
        },
        {
            "id": "61562779757407",
            "count": 0
        },
        {
            "id": "61557543538603",
            "count": 0
        },
        {
            "id": "100080759211177",
            "count": 0
        },
        {
            "id": "100038740121428",
            "count": 0
        },
        {
            "id": "61562261835048",
            "count": 0
        },
        {
            "id": "61550962658401",
            "count": 1
        },
        {
            "id": "100072439105441",
            "count": 0
        },
        {
            "id": "61563477320639",
            "count": 0
        },
        {
            "id": "61563450811249",
            "count": 0
        },
        {
            "id": "100046194132744",
            "count": 2
        },
        {
            "id": "61560076791853",
            "count": 0
        },
        {
            "id": "100090073282948",
            "count": 0
        },
        {
            "id": "100083174347639",
            "count": 0
        },
        {
            "id": "100094911711160",
            "count": 0
        },
        {
            "id": "100073420669646",
            "count": 0
        },
        {
            "id": "100009801367183",
            "count": 0
        },
        {
            "id": "61553578030636",
            "count": 3
        },
        {
            "id": "61552707897116",
            "count": 1
        },
        {
            "id": "61561840845811",
            "count": 0
        },
        {
            "id": "61560667599787",
            "count": 0
        },
        {
            "id": "61560179044114",
            "count": 0
        },
        {
            "id": "61563440668643",
            "count": 0
        },
        {
            "id": "61558691518366",
            "count": 0
        },
        {
            "id": "100089033040313",
            "count": 0
        },
        {
            "id": "61562501226870",
            "count": 0
        },
        {
            "id": "61553643156660",
            "count": 0
        },
        {
            "id": "61562870807559",
            "count": 0
        },
        {
            "id": "100081016996783",
            "count": 0
        },
        {
            "id": "61561992007088",
            "count": 0
        },
        {
            "id": "61556666968083",
            "count": 0
        },
        {
            "id": "61561362279600",
            "count": 0
        },
        {
            "id": "100035234417533",
            "count": 0
        },
        {
            "id": "100003133525251",
            "count": 0
        },
        {
            "id": "61563600270027",
            "count": 0
        },
        {
            "id": "100085073240621",
            "count": 0
        },
        {
            "id": "61563195821713",
            "count": 0
        },
        {
            "id": "61563510337368",
            "count": 0
        },
        {
            "id": "100055304494389",
            "count": 0
        },
        {
            "id": "61563549853253",
            "count": 0
        },
        {
            "id": "61560261936624",
            "count": 0
        },
        {
            "id": "100004752336149",
            "count": 0
        },
        {
            "id": "100041369492342",
            "count": 0
        },
        {
            "id": "100093284960552",
            "count": 1
        }
    ],
    "time": 6,
    "last": {
        "time": 5,
        "day": [
            {
                "id": "61554221352772",
                "count": 0
            },
            {
                "id": "100075302427263",
                "count": 0
            },
            {
                "id": "100084035917282",
                "count": 0
            },
            {
                "id": "100088577864287",
                "count": 0
            },
            {
                "id": "100089281770842",
                "count": 0
            },
            {
                "id": "61562779757407",
                "count": 0
            },
            {
                "id": "61557543538603",
                "count": 0
            },
            {
                "id": "100080759211177",
                "count": 0
            },
            {
                "id": "100038740121428",
                "count": 0
            },
            {
                "id": "61562261835048",
                "count": 0
            },
            {
                "id": "61550962658401",
                "count": 0
            },
            {
                "id": "100072439105441",
                "count": 0
            },
            {
                "id": "61563477320639",
                "count": 0
            },
            {
                "id": "61563450811249",
                "count": 0
            },
            {
                "id": "100046194132744",
                "count": 0
            },
            {
                "id": "61560076791853",
                "count": 0
            },
            {
                "id": "100090073282948",
                "count": 0
            },
            {
                "id": "100083174347639",
                "count": 0
            },
            {
                "id": "100094911711160",
                "count": 0
            },
            {
                "id": "100073420669646",
                "count": 0
            },
            {
                "id": "100009801367183",
                "count": 0
            },
            {
                "id": "61553578030636",
                "count": 0
            },
            {
                "id": "61552707897116",
                "count": 0
            },
            {
                "id": "61561840845811",
                "count": 0
            },
            {
                "id": "61560667599787",
                "count": 0
            },
            {
                "id": "61560179044114",
                "count": 0
            },
            {
                "id": "61563440668643",
                "count": 0
            },
            {
                "id": "61558691518366",
                "count": 0
            },
            {
                "id": "100089033040313",
                "count": 0
            },
            {
                "id": "61562501226870",
                "count": 0
            },
            {
                "id": "61553643156660",
                "count": 0
            },
            {
                "id": "61562870807559",
                "count": 0
            },
            {
                "id": "100081016996783",
                "count": 0
            },
            {
                "id": "61561992007088",
                "count": 0
            },
            {
                "id": "61556666968083",
                "count": 0
            },
            {
                "id": "61561362279600",
                "count": 0
            },
            {
                "id": "100035234417533",
                "count": 0
            },
            {
                "id": "100003133525251",
                "count": 0
            },
            {
                "id": "61563600270027",
                "count": 0
            },
            {
                "id": "100085073240621",
                "count": 0
            },
            {
                "id": "61563195821713",
                "count": 0
            },
            {
                "id": "61563510337368",
                "count": 0
            },
            {
                "id": "100055304494389",
                "count": 0
            },
            {
                "id": "61563549853253",
                "count": 0
            },
            {
                "id": "61560261936624",
                "count": 0
            },
            {
                "id": "100004752336149",
                "count": 0
            },
            {
                "id": "100041369492342",
                "count": 0
            },
            {
                "id": "100093284960552",
                "count": 0
            }
        ],
        "week": [
            {
                "id": "61554221352772",
                "count": 0
            },
            {
                "id": "100075302427263",
                "count": 0
            },
            {
                "id": "100084035917282",
                "count": 0
            },
            {
                "id": "100088577864287",
                "count": 0
            },
            {
                "id": "100089281770842",
                "count": 0
            },
            {
                "id": "61562779757407",
                "count": 0
            },
            {
                "id": "61557543538603",
                "count": 0
            },
            {
                "id": "100080759211177",
                "count": 0
            },
            {
                "id": "100038740121428",
                "count": 0
            },
            {
                "id": "61562261835048",
                "count": 0
            },
            {
                "id": "61550962658401",
                "count": 0
            },
            {
                "id": "100072439105441",
                "count": 0
            },
            {
                "id": "61563477320639",
                "count": 0
            },
            {
                "id": "61563450811249",
                "count": 0
            },
            {
                "id": "100046194132744",
                "count": 0
            },
            {
                "id": "61560076791853",
                "count": 0
            },
            {
                "id": "100090073282948",
                "count": 0
            },
            {
                "id": "100083174347639",
                "count": 0
            },
            {
                "id": "100094911711160",
                "count": 0
            },
            {
                "id": "100073420669646",
                "count": 0
            },
            {
                "id": "100009801367183",
                "count": 0
            },
            {
                "id": "61553578030636",
                "count": 0
            },
            {
                "id": "61552707897116",
                "count": 0
            },
            {
                "id": "61561840845811",
                "count": 0
            },
            {
                "id": "61560667599787",
                "count": 0
            },
            {
                "id": "61560179044114",
                "count": 0
            },
            {
                "id": "61563440668643",
                "count": 0
            },
            {
                "id": "61558691518366",
                "count": 0
            },
            {
                "id": "100089033040313",
                "count": 0
            },
            {
                "id": "61562501226870",
                "count": 0
            },
            {
                "id": "61553643156660",
                "count": 0
            },
            {
                "id": "61562870807559",
                "count": 0
            },
            {
                "id": "100081016996783",
                "count": 0
            },
            {
                "id": "61561992007088",
                "count": 0
            },
            {
                "id": "61556666968083",
                "count": 0
            },
            {
                "id": "61561362279600",
                "count": 0
            },
            {
                "id": "100035234417533",
                "count": 0
            },
            {
                "id": "100003133525251",
                "count": 0
            },
            {
                "id": "61563600270027",
                "count": 0
            },
            {
                "id": "100085073240621",
                "count": 0
            },
            {
                "id": "61563195821713",
                "count": 0
            },
            {
                "id": "61563510337368",
                "count": 0
            },
            {
                "id": "100055304494389",
                "count": 0
            },
            {
                "id": "61563549853253",
                "count": 0
            },
            {
                "id": "61560261936624",
                "count": 0
            },
            {
                "id": "100004752336149",
                "count": 0
            },
            {
                "id": "100041369492342",
                "count": 0
            },
            {
                "id": "100093284960552",
                "count": 0
            }
        ]
    }
}