{
    "total": [
        {
            "id": "100073288342840",
            "count": 0
        },
        {
            "id": "100001837873386",
            "count": 0
        },
        {
            "id": "100001838241327",
            "count": 0
        },
        {
            "id": "100083688836364",
            "count": 0
        },
        {
            "id": "100068096370437",
            "count": 234
        },
        {
            "id": "100001305769791",
            "count": 0
        },
        {
            "id": "100078674687196",
            "count": 0
        },
        {
            "id": "100089008973608",
            "count": 0
        },
        {
            "id": "61551065889172",
            "count": 1
        },
        {
            "id": "61555237994265",
            "count": 0
        },
        {
            "id": "100060909142086",
            "count": 0
        },
        {
            "id": "61555630252962",
            "count": 0
        },
        {
            "id": "61555404059899",
            "count": 0
        },
        {
            "id": "100091519744076",
            "count": 0
        },
        {
            "id": "61550953454431",
            "count": 0
        },
        {
            "id": "100000710492810",
            "count": 0
        },
        {
            "id": "100093984565661",
            "count": 0
        },
        {
            "id": "61553418737077",
            "count": 0
        },
        {
            "id": "100008373421436",
            "count": 0
        },
        {
            "id": "100078235840682",
            "count": 44
        },
        {
            "id": "61555851594551",
            "count": 0
        },
        {
            "id": "100056825661560",
            "count": 0
        },
        {
            "id": "100009193419033",
            "count": 0
        },
        {
            "id": "100079339675014",
            "count": 84
        },
        {
            "id": "100071489084321",
            "count": 166
        },
        {
            "id": "61555870501525",
            "count": 59
        },
        {
            "id": "61554522400674",
            "count": 0
        },
        {
            "id": "100005666773520",
            "count": 0
        },
        {
            "id": "61553340527320",
            "count": 0
        },
        {
            "id": "100091958627496",
            "count": 0
        },
        {
            "id": "100000941570074",
            "count": 0
        },
        {
            "id": "100001842547323",
            "count": 0
        },
        {
            "id": "100001444628008",
            "count": 0
        },
        {
            "id": "61556205354770",
            "count": 0
        },
        {
            "id": "100003845024553",
            "count": 0
        },
        {
            "id": "100078707484718",
            "count": 0
        },
        {
            "id": "100080647629698",
            "count": 120
        },
        {
            "id": "61555883680486",
            "count": 110
        },
        {
            "id": "100074114526008",
            "count": 0
        },
        {
            "id": "61550036222967",
            "count": 0
        },
        {
            "id": "61550036693138",
            "count": 0
        },
        {
            "id": "100069409506870",
            "count": 0
        },
        {
            "id": "100082328684003",
            "count": 0
        },
        {
            "id": "61554345893591",
            "count": 0
        },
        {
            "id": "100066601090728",
            "count": 187
        },
        {
            "id": "100089833719568",
            "count": 51
        },
        {
            "id": "61555359674793",
            "count": 51
        },
        {
            "id": "100087824384376",
            "count": 38
        },
        {
            "id": "61555578615601",
            "count": 0
        },
        {
            "id": "100092009466021",
            "count": 32
        },
        {
            "id": "100090423611395",
            "count": 3
        },
        {
            "id": "100077430777928",
            "count": 0
        },
        {
            "id": "100003338982798",
            "count": 0
        },
        {
            "id": "100067597766085",
            "count": 0
        },
        {
            "id": "100095329730145",
            "count": 7
        },
        {
            "id": "61554739643576",
            "count": 142
        },
        {
            "id": "100000588170515",
            "count": 0
        },
        {
            "id": "61555544764588",
            "count": 2
        },
        {
            "id": "100082055229744",
            "count": 2
        },
        {
            "id": "100075131650817",
            "count": 0
        },
        {
            "id": "61551262347052",
            "count": 1
        }
    ],
    "week": [
        {
            "id": "100073288342840",
            "count": 0,
            "name": "Câu Bé Thông Minh"
        },
        {
            "id": "100001837873386",
            "count": 0,
            "name": "Trần Thị Kim Anh"
        },
        {
            "id": "100001838241327",
            "count": 0,
            "name": "Phương Anh Thị Trần"
        },
        {
            "id": "100083688836364",
            "count": 0,
            "name": "Việt Annh"
        },
        {
            "id": "100068096370437",
            "count": 47,
            "name": "Phạm Minh Đồng"
        },
        {
            "id": "100001305769791",
            "count": 0,
            "name": "Huỳnh Trúc Phương"
        },
        {
            "id": "100078674687196",
            "count": 0,
            "name": "Nquynh Cutii"
        },
        {
            "id": "100089008973608",
            "count": 0,
            "name": "𝑻𝒉𝒊𝒆̂𝒏 𝑵𝒈𝒐̣𝒄"
        },
        {
            "id": "61551065889172",
            "count": 0,
            "name": "Trần Duy"
        },
        {
            "id": "61555237994265",
            "count": 0,
            "name": "Ngọc Hân"
        },
        {
            "id": "100060909142086",
            "count": 0,
            "name": "Thanh Băng"
        },
        {
            "id": "61555630252962",
            "count": 0,
            "name": "Bot Aedw"
        },
        {
            "id": "61555404059899",
            "count": 0,
            "name": "Người dùng Facebook"
        },
        {
            "id": "100091519744076",
            "count": 0,
            "name": "Ngocc Anhh"
        },
        {
            "id": "61550953454431",
            "count": 0,
            "name": "Dongdev"
        },
        {
            "id": "100000710492810",
            "count": 0,
            "name": "Người dùng Facebook"
        },
        {
            "id": "100093984565661",
            "count": 0,
            "name": "Nguyễn Doanh"
        },
        {
            "id": "61553418737077",
            "count": 0,
            "name": "Người dùng Facebook"
        },
        {
            "id": "100008373421436",
            "count": 0,
            "name": "𝑷𝒉𝒂𝒎 𝑴𝒊𝒏𝒉 𝑫𝒐𝒏𝒈 𓅗"
        },
        {
            "id": "100078235840682",
            "count": 0,
            "name": "🇻🇳Hùng CTer🐳"
        },
        {
            "id": "61555851594551",
            "count": 0,
            "name": "Người dùng Facebook"
        },
        {
            "id": "100056825661560",
            "count": 0,
            "name": "Huyền Trân"
        },
        {
            "id": "100009193419033",
            "count": 0,
            "name": "Người dùng Facebook"
        },
        {
            "id": "100079339675014",
            "count": 5,
            "name": "Nguyễn Doanh"
        },
        {
            "id": "100071489084321",
            "count": 0,
            "name": "Việt Annh"
        },
        {
            "id": "61555870501525",
            "count": 2,
            "name": "Họ Tên"
        },
        {
            "id": "61554522400674",
            "count": 0,
            "name": "Người dùng Facebook"
        },
        {
            "id": "100005666773520",
            "count": 0,
            "name": "Nguyễn Trần Triết Sơn"
        },
        {
            "id": "61553340527320",
            "count": 0,
            "name": "Người dùng Facebook"
        },
        {
            "id": "100091958627496",
            "count": 0,
            "name": "ʚThanhh Ngânnɞ"
        },
        {
            "id": "100000941570074",
            "count": 0,
            "name": "Người dùng Facebook"
        },
        {
            "id": "100001842547323",
            "count": 0,
            "name": "Jana Neubertová"
        },
        {
            "id": "100001444628008",
            "count": 0,
            "name": "Lê Hải Đăng"
        },
        {
            "id": "61556205354770",
            "count": 0,
            "name": "Hân Mai"
        },
        {
            "id": "100003845024553",
            "count": 0,
            "name": "Người dùng Facebook"
        },
        {
            "id": "100078707484718",
            "count": 0,
            "name": "Người dùng Facebook"
        },
        {
            "id": "100080647629698",
            "count": 0,
            "name": "Nguyễn Đức Tài"
        },
        {
            "id": "61555883680486",
            "count": 0,
            "name": "Việt Ang"
        },
        {
            "id": "100074114526008",
            "count": 0,
            "name": "Okkotsu Yuta"
        },
        {
            "id": "61550036222967",
            "count": 0,
            "name": "Người dùng Facebook"
        },
        {
            "id": "61550036693138",
            "count": 0,
            "name": "Kim Thư"
        },
        {
            "id": "100069409506870",
            "count": 0,
            "name": "Chong Yeu"
        },
        {
            "id": "100082328684003",
            "count": 0,
            "name": "Song Trương"
        },
        {
            "id": "61554345893591",
            "count": 0,
            "name": "Người dùng Facebook"
        },
        {
            "id": "100066601090728",
            "count": 21,
            "name": "Nguyễn Đăng Đại"
        },
        {
            "id": "100089833719568",
            "count": 21,
            "name": "Nguyen Van Duong󱢏"
        },
        {
            "id": "61555359674793",
            "count": 3,
            "name": "Thanh Băng"
        },
        {
            "id": "100087824384376",
            "count": 29,
            "name": "Nguyễn Tuan Anh"
        },
        {
            "id": "61555578615601",
            "count": 0,
            "name": "Kawaii Shinzou"
        },
        {
            "id": "100092009466021",
            "count": 0,
            "name": "Namm Saddboyy"
        },
        {
            "id": "100090423611395",
            "count": 0,
            "name": "Bach Le Tly"
        },
        {
            "id": "100077430777928",
            "count": 0,
            "name": "Hoàng Duy"
        },
        {
            "id": "100003338982798",
            "count": 0,
            "name": "Lê Hải Đăng"
        },
        {
            "id": "100067597766085",
            "count": 0,
            "name": "Lê Tiến Anh Việt"
        },
        {
            "id": "100095329730145",
            "count": 0,
            "name": "An An"
        },
        {
            "id": "61554739643576",
            "count": 8,
            "name": "Hoang Nam"
        },
        {
            "id": "100000588170515",
            "count": 0,
            "name": "Châuu Annhh"
        },
        {
            "id": "61555544764588",
            "count": 0,
            "name": "Ngocc Anhh"
        },
        {
            "id": "100082055229744",
            "count": 0,
            "name": "Hoàng Zyo"
        },
        {
            "id": "100075131650817",
            "count": 0,
            "name": "Người dùng facebook"
        },
        {
            "id": "61551262347052",
            "count": 0,
            "name": "Tr Minh Huy"
        }
    ],
    "day": [
        {
            "id": "100073288342840",
            "count": 0,
            "name": "Người dùng facebook"
        },
        {
            "id": "100001837873386",
            "count": 0,
            "name": "Trần Thị Kim Anh"
        },
        {
            "id": "100001838241327",
            "count": 0,
            "name": "Phương Anh Thị Trần"
        },
        {
            "id": "100083688836364",
            "count": 0,
            "name": "Người dùng facebook"
        },
        {
            "id": "100068096370437",
            "count": 0,
            "name": "Phạm Minh Đồng"
        },
        {
            "id": "100001305769791",
            "count": 0,
            "name": "Huỳnh Trúc Phương"
        },
        {
            "id": "100078674687196",
            "count": 0,
            "name": "Người dùng facebook"
        },
        {
            "id": "100089008973608",
            "count": 0,
            "name": "Người dùng facebook"
        },
        {
            "id": "61551065889172",
            "count": 0,
            "name": "Người dùng facebook"
        },
        {
            "id": "61555237994265",
            "count": 0,
            "name": "Người dùng facebook"
        },
        {
            "id": "100060909142086",
            "count": 0,
            "name": "Người dùng facebook"
        },
        {
            "id": "61555630252962",
            "count": 0,
            "name": "Người dùng facebook"
        },
        {
            "id": "61555404059899",
            "count": 0,
            "name": "Người dùng facebook"
        },
        {
            "id": "100091519744076",
            "count": 0,
            "name": "Người dùng facebook"
        },
        {
            "id": "61550953454431",
            "count": 0,
            "name": "Người dùng facebook"
        },
        {
            "id": "100000710492810",
            "count": 0,
            "name": "Người dùng facebook"
        },
        {
            "id": "100093984565661",
            "count": 0,
            "name": "Người dùng facebook"
        },
        {
            "id": "61553418737077",
            "count": 0,
            "name": "Người dùng facebook"
        },
        {
            "id": "100008373421436",
            "count": 0,
            "name": "Người dùng Facebook"
        },
        {
            "id": "100078235840682",
            "count": 0,
            "name": "Người dùng facebook"
        },
        {
            "id": "61555851594551",
            "count": 0,
            "name": "Người dùng facebook"
        },
        {
            "id": "100056825661560",
            "count": 0,
            "name": "Người dùng facebook"
        },
        {
            "id": "100009193419033",
            "count": 0,
            "name": "Người dùng facebook"
        },
        {
            "id": "100079339675014",
            "count": 0,
            "name": "Người dùng facebook"
        },
        {
            "id": "100071489084321",
            "count": 0,
            "name": "Người dùng facebook"
        },
        {
            "id": "61555870501525",
            "count": 0,
            "name": "Người dùng facebook"
        },
        {
            "id": "61554522400674",
            "count": 0,
            "name": "Người dùng facebook"
        },
        {
            "id": "100005666773520",
            "count": 0,
            "name": "Người dùng facebook"
        },
        {
            "id": "61553340527320",
            "count": 0,
            "name": "Người dùng facebook"
        },
        {
            "id": "100091958627496",
            "count": 0,
            "name": "Người dùng facebook"
        },
        {
            "id": "100000941570074",
            "count": 0,
            "name": "Người dùng facebook"
        },
        {
            "id": "100001842547323",
            "count": 0,
            "name": "Người dùng facebook"
        },
        {
            "id": "100001444628008",
            "count": 0,
            "name": "Người dùng facebook"
        },
        {
            "id": "61556205354770",
            "count": 0,
            "name": "Người dùng facebook"
        },
        {
            "id": "100003845024553",
            "count": 0,
            "name": "Người dùng facebook"
        },
        {
            "id": "100078707484718",
            "count": 0,
            "name": "Người dùng facebook"
        },
        {
            "id": "100080647629698",
            "count": 0,
            "name": "Người dùng facebook"
        },
        {
            "id": "61555883680486",
            "count": 0,
            "name": "Người dùng facebook"
        },
        {
            "id": "100074114526008",
            "count": 0,
            "name": "Người dùng facebook"
        },
        {
            "id": "61550036222967",
            "count": 0,
            "name": "Người dùng facebook"
        },
        {
            "id": "61550036693138",
            "count": 0,
            "name": "Người dùng facebook"
        },
        {
            "id": "100069409506870",
            "count": 0,
            "name": "Người dùng facebook"
        },
        {
            "id": "100082328684003",
            "count": 0,
            "name": "Người dùng facebook"
        },
        {
            "id": "61554345893591",
            "count": 0,
            "name": "Người dùng facebook"
        },
        {
            "id": "100066601090728",
            "count": 0,
            "name": "Người dùng facebook"
        },
        {
            "id": "100089833719568",
            "count": 0,
            "name": "Người dùng facebook"
        },
        {
            "id": "61555359674793",
            "count": 0,
            "name": "Người dùng facebook"
        },
        {
            "id": "100087824384376",
            "count": 0,
            "name": "Người dùng facebook"
        },
        {
            "id": "61555578615601",
            "count": 0,
            "name": "Người dùng facebook"
        },
        {
            "id": "100092009466021",
            "count": 0,
            "name": "Người dùng facebook"
        },
        {
            "id": "100090423611395",
            "count": 0,
            "name": "Người dùng facebook"
        },
        {
            "id": "100077430777928",
            "count": 0,
            "name": "Người dùng facebook"
        },
        {
            "id": "100003338982798",
            "count": 0,
            "name": "Người dùng facebook"
        },
        {
            "id": "100067597766085",
            "count": 0,
            "name": "Người dùng facebook"
        },
        {
            "id": "100095329730145",
            "count": 0,
            "name": "Người dùng facebook"
        },
        {
            "id": "61554739643576",
            "count": 0,
            "name": "Người dùng facebook"
        },
        {
            "id": "100000588170515",
            "count": 0,
            "name": "Người dùng facebook"
        },
        {
            "id": "61555544764588",
            "count": 0,
            "name": "Người dùng facebook"
        },
        {
            "id": "100082055229744",
            "count": 0,
            "name": "Người dùng facebook"
        },
        {
            "id": "100075131650817",
            "count": 0,
            "name": "Người dùng facebook"
        },
        {
            "id": "61551262347052",
            "count": 0,
            "name": "Người dùng facebook"
        }
    ],
    "time": 6,
    "last": {
        "time": 4,
        "day": [
            {
                "id": "100073288342840",
                "count": 0
            },
            {
                "id": "100001837873386",
                "count": 0
            },
            {
                "id": "100001838241327",
                "count": 0
            },
            {
                "id": "100083688836364",
                "count": 0
            },
            {
                "id": "100068096370437",
                "count": 0
            },
            {
                "id": "100001305769791",
                "count": 0
            },
            {
                "id": "100078674687196",
                "count": 0
            },
            {
                "id": "100089008973608",
                "count": 0
            },
            {
                "id": "61551065889172",
                "count": 0
            },
            {
                "id": "61555237994265",
                "count": 0
            },
            {
                "id": "100060909142086",
                "count": 0
            },
            {
                "id": "100000588170515",
                "count": 0
            },
            {
                "id": "61554739643576",
                "count": 0
            },
            {
                "id": "61555630252962",
                "count": 0
            },
            {
                "id": "61555404059899",
                "count": 0
            },
            {
                "id": "100091519744076",
                "count": 0
            },
            {
                "id": "61550953454431",
                "count": 0
            },
            {
                "id": "100000710492810",
                "count": 0
            },
            {
                "id": "61555544764588",
                "count": 0
            },
            {
                "id": "100093984565661",
                "count": 0
            },
            {
                "id": "61553418737077",
                "count": 0
            },
            {
                "id": "100008373421436",
                "count": 0
            },
            {
                "id": "100078235840682",
                "count": 0
            },
            {
                "id": "61555851594551",
                "count": 0
            },
            {
                "id": "100056825661560",
                "count": 0
            },
            {
                "id": "100009193419033",
                "count": 0
            },
            {
                "id": "100079339675014",
                "count": 0
            },
            {
                "id": "100071489084321",
                "count": 0
            },
            {
                "id": "61555870501525",
                "count": 0
            },
            {
                "id": "61554522400674",
                "count": 0
            },
            {
                "id": "100005666773520",
                "count": 0
            },
            {
                "id": "61553340527320",
                "count": 0
            },
            {
                "id": "100091958627496",
                "count": 0
            },
            {
                "id": "100000941570074",
                "count": 0
            },
            {
                "id": "100001842547323",
                "count": 0
            },
            {
                "id": "100001444628008",
                "count": 0
            },
            {
                "id": "61556205354770",
                "count": 0
            },
            {
                "id": "100003845024553",
                "count": 0
            },
            {
                "id": "100078707484718",
                "count": 0
            },
            {
                "id": "100080647629698",
                "count": 0
            },
            {
                "id": "61555883680486",
                "count": 0
            },
            {
                "id": "100074114526008",
                "count": 0
            },
            {
                "id": "61550036222967",
                "count": 0
            },
            {
                "id": "61550036693138",
                "count": 0
            },
            {
                "id": "100069409506870",
                "count": 0
            },
            {
                "id": "100082328684003",
                "count": 0
            },
            {
                "id": "61554345893591",
                "count": 0
            },
            {
                "id": "100066601090728",
                "count": 0
            },
            {
                "id": "100089833719568",
                "count": 0
            },
            {
                "id": "61555359674793",
                "count": 0
            },
            {
                "id": "100087824384376",
                "count": 0
            },
            {
                "id": "61555578615601",
                "count": 0
            },
            {
                "id": "100092009466021",
                "count": 0
            },
            {
                "id": "100090423611395",
                "count": 0
            },
            {
                "id": "100077430777928",
                "count": 0
            },
            {
                "id": "100003338982798",
                "count": 0
            },
            {
                "id": "100067597766085",
                "count": 0
            },
            {
                "id": "100095329730145",
                "count": 0
            },
            {
                "id": "100082055229744",
                "count": 0
            },
            {
                "id": "100075131650817",
                "count": 0
            },
            {
                "id": "61551262347052",
                "count": 0
            }
        ],
        "week": [
            {
                "id": "100073288342840",
                "count": 0
            },
            {
                "id": "100001837873386",
                "count": 0
            },
            {
                "id": "100001838241327",
                "count": 0
            },
            {
                "id": "100083688836364",
                "count": 0
            },
            {
                "id": "100068096370437",
                "count": 0
            },
            {
                "id": "100001305769791",
                "count": 0
            },
            {
                "id": "100078674687196",
                "count": 0
            },
            {
                "id": "100089008973608",
                "count": 0
            },
            {
                "id": "61551065889172",
                "count": 0
            },
            {
                "id": "61555237994265",
                "count": 0
            },
            {
                "id": "100060909142086",
                "count": 0
            },
            {
                "id": "100000588170515",
                "count": 0
            },
            {
                "id": "61554739643576",
                "count": 0
            },
            {
                "id": "61555630252962",
                "count": 0
            },
            {
                "id": "61555404059899",
                "count": 0
            },
            {
                "id": "100091519744076",
                "count": 0
            },
            {
                "id": "61550953454431",
                "count": 0
            },
            {
                "id": "100000710492810",
                "count": 0
            },
            {
                "id": "61555544764588",
                "count": 0
            },
            {
                "id": "100093984565661",
                "count": 0
            },
            {
                "id": "61553418737077",
                "count": 0
            },
            {
                "id": "100008373421436",
                "count": 0
            },
            {
                "id": "100078235840682",
                "count": 0
            },
            {
                "id": "61555851594551",
                "count": 0
            },
            {
                "id": "100056825661560",
                "count": 0
            },
            {
                "id": "100009193419033",
                "count": 0
            },
            {
                "id": "100079339675014",
                "count": 0
            },
            {
                "id": "100071489084321",
                "count": 0
            },
            {
                "id": "61555870501525",
                "count": 0
            },
            {
                "id": "61554522400674",
                "count": 0
            },
            {
                "id": "100005666773520",
                "count": 0
            },
            {
                "id": "61553340527320",
                "count": 0
            },
            {
                "id": "100091958627496",
                "count": 0
            },
            {
                "id": "100000941570074",
                "count": 0
            },
            {
                "id": "100001842547323",
                "count": 0
            },
            {
                "id": "100001444628008",
                "count": 0
            },
            {
                "id": "61556205354770",
                "count": 0
            },
            {
                "id": "100003845024553",
                "count": 0
            },
            {
                "id": "100078707484718",
                "count": 0
            },
            {
                "id": "100080647629698",
                "count": 0
            },
            {
                "id": "61555883680486",
                "count": 0
            },
            {
                "id": "100074114526008",
                "count": 0
            },
            {
                "id": "61550036222967",
                "count": 0
            },
            {
                "id": "61550036693138",
                "count": 0
            },
            {
                "id": "100069409506870",
                "count": 0
            },
            {
                "id": "100082328684003",
                "count": 0
            },
            {
                "id": "61554345893591",
                "count": 0
            },
            {
                "id": "100066601090728",
                "count": 0
            },
            {
                "id": "100089833719568",
                "count": 0
            },
            {
                "id": "61555359674793",
                "count": 0
            },
            {
                "id": "100087824384376",
                "count": 0
            },
            {
                "id": "61555578615601",
                "count": 0
            },
            {
                "id": "100092009466021",
                "count": 0
            },
            {
                "id": "100090423611395",
                "count": 0
            },
            {
                "id": "100077430777928",
                "count": 0
            },
            {
                "id": "100003338982798",
                "count": 0
            },
            {
                "id": "100067597766085",
                "count": 0
            },
            {
                "id": "100095329730145",
                "count": 0
            },
            {
                "id": "100082055229744",
                "count": 0
            },
            {
                "id": "100075131650817",
                "count": 0
            },
            {
                "id": "61551262347052",
                "count": 0
            }
        ]
    }
}