{
    "total": [
        {
            "id": "100087850929918",
            "count": 393
        },
        {
            "id": "100048783401429",
            "count": 60
        },
        {
            "id": "100085471920283",
            "count": 3
        },
        {
            "id": "61550992853475",
            "count": 53
        },
        {
            "id": "100043929690519",
            "count": 2
        },
        {
            "id": "61555471987398",
            "count": 114
        },
        {
            "id": "100073578924818",
            "count": 642
        },
        {
            "id": "100090848183290",
            "count": 10
        },
        {
            "id": "100043682540231",
            "count": 0
        },
        {
            "id": "100068096370437",
            "count": 76
        },
        {
            "id": "100001837873386",
            "count": 0
        },
        {
            "id": "100009193419033",
            "count": 0
        },
        {
            "id": "100052009366320",
            "count": 8
        },
        {
            "id": "61553583506169",
            "count": 32
        },
        {
            "id": "100041659579465",
            "count": 163
        },
        {
            "id": "100082678057892",
            "count": 28
        },
        {
            "id": "100079585311306",
            "count": 51
        },
        {
            "id": "100059374452231",
            "count": 126
        },
        {
            "id": "100090525391731",
            "count": 55
        },
        {
            "id": "61555474317496",
            "count": 9
        },
        {
            "id": "100029757967755",
            "count": 55
        },
        {
            "id": "100071343709430",
            "count": 84
        },
        {
            "id": "100066308806339",
            "count": 46
        },
        {
            "id": "100080742641282",
            "count": 10
        },
        {
            "id": "61551229557364",
            "count": 25
        },
        {
            "id": "100088236546457",
            "count": 9
        },
        {
            "id": "100047906294902",
            "count": 19
        },
        {
            "id": "100039012858279",
            "count": 7
        },
        {
            "id": "100027801340644",
            "count": 146
        },
        {
            "id": "100094290653891",
            "count": 5
        },
        {
            "id": "100034880741534",
            "count": 14
        },
        {
            "id": "100084377660423",
            "count": 7
        },
        {
            "id": "100034012938013",
            "count": 76
        },
        {
            "id": "61552322412074",
            "count": 9
        },
        {
            "id": "100007880587872",
            "count": 12
        },
        {
            "id": "61555809354118",
            "count": 12
        },
        {
            "id": "100089325279976",
            "count": 0
        },
        {
            "id": "100078677261256",
            "count": 24
        },
        {
            "id": "100037711805760",
            "count": 61
        },
        {
            "id": "100078102463604",
            "count": 14
        },
        {
            "id": "100079548167019",
            "count": 1246
        },
        {
            "id": "100085222172246",
            "count": 4
        },
        {
            "id": "100060788491560",
            "count": 20
        },
        {
            "id": "100088286101629",
            "count": 9
        },
        {
            "id": "100073593469386",
            "count": 513
        },
        {
            "id": "61551128066557",
            "count": 132
        },
        {
            "id": "100093040719619",
            "count": 12
        },
        {
            "id": "100044685134969",
            "count": 8
        },
        {
            "id": "61551400553103",
            "count": 11
        },
        {
            "id": "100072704823880",
            "count": 3
        },
        {
            "id": "100080109484165",
            "count": 3
        },
        {
            "id": "100076332220113",
            "count": 189
        },
        {
            "id": "100066103215102",
            "count": 44
        },
        {
            "id": "61555225588608",
            "count": 33
        },
        {
            "id": "100067179831285",
            "count": 3
        },
        {
            "id": "100029997814517",
            "count": 14
        },
        {
            "id": "61553101342012",
            "count": 17
        },
        {
            "id": "100007065212660",
            "count": 70
        },
        {
            "id": "100074334713040",
            "count": 555
        },
        {
            "id": "100087492356661",
            "count": 42
        },
        {
            "id": "100074709091405",
            "count": 10
        },
        {
            "id": "100087971054083",
            "count": 4
        },
        {
            "id": "61556399663814",
            "count": 70
        },
        {
            "id": "100081510827893",
            "count": 1
        },
        {
            "id": "100081627890159",
            "count": 2
        },
        {
            "id": "100027798677144",
            "count": 23
        },
        {
            "id": "100044609509330",
            "count": 0
        },
        {
            "id": "61555819006810",
            "count": 44
        },
        {
            "id": "100094882102981",
            "count": 0
        },
        {
            "id": "100093108816202",
            "count": 0
        },
        {
            "id": "100085144208795",
            "count": 8
        },
        {
            "id": "100051669790239",
            "count": 2
        },
        {
            "id": "100087809430248",
            "count": 0
        },
        {
            "id": "100080588989453",
            "count": 0
        },
        {
            "id": "100065533754747",
            "count": 8
        },
        {
            "id": "100085127327916",
            "count": 0
        },
        {
            "id": "100084176906242",
            "count": 1
        },
        {
            "id": "100006926802752",
            "count": 0
        },
        {
            "id": "100081507744064",
            "count": 0
        },
        {
            "id": "100058940613760",
            "count": 18
        },
        {
            "id": "61551620020425",
            "count": 12
        },
        {
            "id": "100028255478328",
            "count": 5
        },
        {
            "id": "100093233780767",
            "count": 31
        },
        {
            "id": "61556308707328",
            "count": 0
        },
        {
            "id": "100080418210790",
            "count": 56
        }
    ],
    "week": [
        {
            "id": "100087850929918",
            "count": 26,
            "name": "Nong Nong"
        },
        {
            "id": "100048783401429",
            "count": 0,
            "name": "Diệp Lục Xanh"
        },
        {
            "id": "100085471920283",
            "count": 0,
            "name": "Nguỹn Thùy Linh"
        },
        {
            "id": "61550992853475",
            "count": 0,
            "name": "Thảo Nguyn"
        },
        {
            "id": "100043929690519",
            "count": 0,
            "name": "Phạm Nghĩa"
        },
        {
            "id": "61555471987398",
            "count": 0,
            "name": "Kiều Thư"
        },
        {
            "id": "100073578924818",
            "count": 43,
            "name": "Hà Lê Như Ý"
        },
        {
            "id": "100090848183290",
            "count": 0,
            "name": "Khánh Ngọc"
        },
        {
            "id": "100043682540231",
            "count": 0,
            "name": "Lê Như Ý"
        },
        {
            "id": "100068096370437",
            "count": 1,
            "name": "Phạm Minh Đồng"
        },
        {
            "id": "100001837873386",
            "count": 0,
            "name": "Trần Thị Kim Anh"
        },
        {
            "id": "100009193419033",
            "count": 0,
            "name": "Người dùng Facebook"
        },
        {
            "id": "100052009366320",
            "count": 0,
            "name": "Vũ Minh"
        },
        {
            "id": "61553583506169",
            "count": 1,
            "name": "Chan Chan"
        },
        {
            "id": "100041659579465",
            "count": 5,
            "name": "Bùi Quốc Lập"
        },
        {
            "id": "100082678057892",
            "count": 0,
            "name": "Chu Kiều Thúy Nga"
        },
        {
            "id": "100079585311306",
            "count": 0,
            "name": "Lê Trần Mai Thy"
        },
        {
            "id": "100059374452231",
            "count": 67,
            "name": "Nguyễn Khánh"
        },
        {
            "id": "100090525391731",
            "count": 0,
            "name": "Thuỳ Linh"
        },
        {
            "id": "61555474317496",
            "count": 0,
            "name": "Cương Cày Thuê"
        },
        {
            "id": "100029757967755",
            "count": 0,
            "name": "Minh Hoang"
        },
        {
            "id": "100071343709430",
            "count": 0,
            "name": "Nguyen Dang Nhan"
        },
        {
            "id": "100066308806339",
            "count": 3,
            "name": "Anh　Nhớ　Em　Tới　Mức Phải　Khóc　Từng　Đêm Như　Một　Đứa　Trẻ"
        },
        {
            "id": "100080742641282",
            "count": 0,
            "name": "Trần Trọng Khang"
        },
        {
            "id": "61551229557364",
            "count": 9,
            "name": "Việt Hoàng"
        },
        {
            "id": "100088236546457",
            "count": 0,
            "name": "Minh Quân"
        },
        {
            "id": "100047906294902",
            "count": 0,
            "name": "Won Trung Kim"
        },
        {
            "id": "100039012858279",
            "count": 0,
            "name": "Hà Hoàng Tú"
        },
        {
            "id": "100027801340644",
            "count": 0,
            "name": "Pé Nhím Hiệp"
        },
        {
            "id": "100094290653891",
            "count": 0,
            "name": "Ng Anh Thu"
        },
        {
            "id": "100034880741534",
            "count": 0,
            "name": "Nguyễn Cảnh Quý"
        },
        {
            "id": "100084377660423",
            "count": 0,
            "name": "Nguyễn Tuấn Minh"
        },
        {
            "id": "100034012938013",
            "count": 0,
            "name": "Ngô Tấn Quang Huy"
        },
        {
            "id": "61552322412074",
            "count": 0,
            "name": "Quang Sa Cơ"
        },
        {
            "id": "100007880587872",
            "count": 0,
            "name": "Nhật Quang"
        },
        {
            "id": "61555809354118",
            "count": 0,
            "name": "Kha Hoàng"
        },
        {
            "id": "100089325279976",
            "count": 0,
            "name": "Người dùng facebook"
        },
        {
            "id": "100078677261256",
            "count": 0,
            "name": "Gia Huy"
        },
        {
            "id": "100037711805760",
            "count": 1,
            "name": "Nguyễn Nam"
        },
        {
            "id": "100078102463604",
            "count": 3,
            "name": "Nguyễn Trung"
        },
        {
            "id": "100079548167019",
            "count": 38,
            "name": "Nguyễn Thúy Bình"
        },
        {
            "id": "100085222172246",
            "count": 0,
            "name": "Quang Vũ"
        },
        {
            "id": "100060788491560",
            "count": 0,
            "name": "Gia Long"
        },
        {
            "id": "100088286101629",
            "count": 1,
            "name": "TsNguyễn Đần"
        },
        {
            "id": "100073593469386",
            "count": 11,
            "name": "Trần Huy"
        },
        {
            "id": "61551128066557",
            "count": 14,
            "name": "Phạm Huỳnh Trọng Khánh󱢏"
        },
        {
            "id": "100093040719619",
            "count": 0,
            "name": "Tuan Tran"
        },
        {
            "id": "100044685134969",
            "count": 0,
            "name": "Bùi Thái Sơn"
        },
        {
            "id": "61551400553103",
            "count": 0,
            "name": "Bảo Nam"
        },
        {
            "id": "100072704823880",
            "count": 1,
            "name": "Phu Nguyen Thanh"
        },
        {
            "id": "100080109484165",
            "count": 0,
            "name": "Yen Yenn"
        },
        {
            "id": "100076332220113",
            "count": 11,
            "name": "Phong Đỗ"
        },
        {
            "id": "100066103215102",
            "count": 1,
            "name": "Nam Hoàii"
        },
        {
            "id": "61555225588608",
            "count": 0,
            "name": "Phụng Nguyễn Thanh"
        },
        {
            "id": "100067179831285",
            "count": 0,
            "name": "Vũ Xuân Lộc"
        },
        {
            "id": "100029997814517",
            "count": 0,
            "name": "Trương Hải"
        },
        {
            "id": "61553101342012",
            "count": 0,
            "name": "Quang Võ Anh"
        },
        {
            "id": "100007065212660",
            "count": 0,
            "name": "Cao Minh Trí"
        },
        {
            "id": "100074334713040",
            "count": 2,
            "name": "Lê Minh Tường"
        },
        {
            "id": "100087492356661",
            "count": 3,
            "name": "Trần Hoàng Long"
        },
        {
            "id": "100074709091405",
            "count": 0,
            "name": "Lường Văn Cương"
        },
        {
            "id": "100087971054083",
            "count": 0,
            "name": "Na Na"
        },
        {
            "id": "61556399663814",
            "count": 3,
            "name": "Trường Trần"
        },
        {
            "id": "100081510827893",
            "count": 0,
            "name": "Quang Đại"
        },
        {
            "id": "100081627890159",
            "count": 0,
            "name": "Quân Đào"
        },
        {
            "id": "100027798677144",
            "count": 0,
            "name": "Nam NP"
        },
        {
            "id": "100044609509330",
            "count": 0,
            "name": "Người dùng facebook"
        },
        {
            "id": "61555819006810",
            "count": 16,
            "name": "Vô Nghĩ"
        },
        {
            "id": "100094882102981",
            "count": 0,
            "name": "Hung Minh"
        },
        {
            "id": "100093108816202",
            "count": 0,
            "name": "Trần Ngọc Diện"
        },
        {
            "id": "100085144208795",
            "count": 2,
            "name": "Trần Hải"
        },
        {
            "id": "100051669790239",
            "count": 2,
            "name": "Phan Phi"
        },
        {
            "id": "100087809430248",
            "count": 0,
            "name": "Phạm Tuấn"
        },
        {
            "id": "100080588989453",
            "count": 0,
            "name": "Phạm Linh"
        },
        {
            "id": "100065533754747",
            "count": 1,
            "name": "Nghĩa'x Xù'x"
        },
        {
            "id": "100085127327916",
            "count": 0,
            "name": "Nghĩa Leaderveres"
        },
        {
            "id": "100084176906242",
            "count": 1,
            "name": "Minh Nhựt"
        },
        {
            "id": "100006926802752",
            "count": 0,
            "name": "Lê Phước Thiện"
        },
        {
            "id": "100081507744064",
            "count": 0,
            "name": "Lê Duy Nhất"
        },
        {
            "id": "100058940613760",
            "count": 0,
            "name": "Đạt Thị Mai"
        },
        {
            "id": "61551620020425",
            "count": 7,
            "name": "Bằng Exhaust"
        },
        {
            "id": "100028255478328",
            "count": 0,
            "name": "Nguyễn Văn Hiếu"
        },
        {
            "id": "100093233780767",
            "count": 6,
            "name": "Nguyễn Trung"
        },
        {
            "id": "61556308707328",
            "count": 0,
            "name": "Người dùng facebook"
        },
        {
            "id": "100080418210790",
            "count": 56
        }
    ],
    "day": [
        {
            "id": "100087850929918",
            "count": 0,
            "name": "Người dùng facebook"
        },
        {
            "id": "100048783401429",
            "count": 0,
            "name": "Người dùng facebook"
        },
        {
            "id": "100085471920283",
            "count": 0,
            "name": "Người dùng facebook"
        },
        {
            "id": "61550992853475",
            "count": 0,
            "name": "Người dùng facebook"
        },
        {
            "id": "100043929690519",
            "count": 0,
            "name": "Người dùng facebook"
        },
        {
            "id": "61555471987398",
            "count": 0,
            "name": "Người dùng facebook"
        },
        {
            "id": "100073578924818",
            "count": 0,
            "name": "Người dùng facebook"
        },
        {
            "id": "100090848183290",
            "count": 0,
            "name": "Người dùng facebook"
        },
        {
            "id": "100043682540231",
            "count": 0,
            "name": "Người dùng facebook"
        },
        {
            "id": "100068096370437",
            "count": 0,
            "name": "Phạm Minh Đồng"
        },
        {
            "id": "100001837873386",
            "count": 0,
            "name": "Trần Thị Kim Anh"
        },
        {
            "id": "100009193419033",
            "count": 0,
            "name": "Người dùng facebook"
        },
        {
            "id": "100052009366320",
            "count": 0,
            "name": "Người dùng facebook"
        },
        {
            "id": "61553583506169",
            "count": 0,
            "name": "Người dùng facebook"
        },
        {
            "id": "100041659579465",
            "count": 0,
            "name": "Người dùng facebook"
        },
        {
            "id": "100082678057892",
            "count": 0,
            "name": "Người dùng facebook"
        },
        {
            "id": "100079585311306",
            "count": 0,
            "name": "Người dùng facebook"
        },
        {
            "id": "100059374452231",
            "count": 0,
            "name": "Người dùng facebook"
        },
        {
            "id": "100090525391731",
            "count": 0,
            "name": "Người dùng facebook"
        },
        {
            "id": "61555474317496",
            "count": 0,
            "name": "Người dùng facebook"
        },
        {
            "id": "100029757967755",
            "count": 0,
            "name": "Người dùng facebook"
        },
        {
            "id": "100071343709430",
            "count": 0,
            "name": "Người dùng facebook"
        },
        {
            "id": "100066308806339",
            "count": 0,
            "name": "Người dùng facebook"
        },
        {
            "id": "100080742641282",
            "count": 0,
            "name": "Người dùng facebook"
        },
        {
            "id": "61551229557364",
            "count": 0,
            "name": "Người dùng facebook"
        },
        {
            "id": "100088236546457",
            "count": 0,
            "name": "Người dùng facebook"
        },
        {
            "id": "100047906294902",
            "count": 0,
            "name": "Người dùng facebook"
        },
        {
            "id": "100039012858279",
            "count": 0,
            "name": "Người dùng facebook"
        },
        {
            "id": "100027801340644",
            "count": 0,
            "name": "Người dùng facebook"
        },
        {
            "id": "100094290653891",
            "count": 0,
            "name": "Người dùng facebook"
        },
        {
            "id": "100034880741534",
            "count": 0,
            "name": "Người dùng facebook"
        },
        {
            "id": "100084377660423",
            "count": 0,
            "name": "Người dùng facebook"
        },
        {
            "id": "100034012938013",
            "count": 0,
            "name": "Người dùng facebook"
        },
        {
            "id": "61552322412074",
            "count": 0,
            "name": "Người dùng facebook"
        },
        {
            "id": "100007880587872",
            "count": 0,
            "name": "Người dùng facebook"
        },
        {
            "id": "61555809354118",
            "count": 0,
            "name": "Người dùng facebook"
        },
        {
            "id": "100089325279976",
            "count": 0,
            "name": "Người dùng facebook"
        },
        {
            "id": "100078677261256",
            "count": 0,
            "name": "Người dùng facebook"
        },
        {
            "id": "100037711805760",
            "count": 0,
            "name": "Người dùng facebook"
        },
        {
            "id": "100078102463604",
            "count": 0,
            "name": "Người dùng facebook"
        },
        {
            "id": "100079548167019",
            "count": 0,
            "name": "Người dùng facebook"
        },
        {
            "id": "100085222172246",
            "count": 0,
            "name": "Người dùng facebook"
        },
        {
            "id": "100060788491560",
            "count": 0,
            "name": "Người dùng facebook"
        },
        {
            "id": "100088286101629",
            "count": 0,
            "name": "Người dùng facebook"
        },
        {
            "id": "100073593469386",
            "count": 0,
            "name": "Người dùng facebook"
        },
        {
            "id": "61551128066557",
            "count": 0,
            "name": "Người dùng facebook"
        },
        {
            "id": "100093040719619",
            "count": 0,
            "name": "Người dùng facebook"
        },
        {
            "id": "100044685134969",
            "count": 0,
            "name": "Người dùng facebook"
        },
        {
            "id": "61551400553103",
            "count": 0,
            "name": "Người dùng facebook"
        },
        {
            "id": "100072704823880",
            "count": 0,
            "name": "Người dùng facebook"
        },
        {
            "id": "100080109484165",
            "count": 0,
            "name": "Người dùng facebook"
        },
        {
            "id": "100076332220113",
            "count": 0,
            "name": "Người dùng facebook"
        },
        {
            "id": "100066103215102",
            "count": 0,
            "name": "Người dùng facebook"
        },
        {
            "id": "61555225588608",
            "count": 0,
            "name": "Người dùng facebook"
        },
        {
            "id": "100067179831285",
            "count": 0,
            "name": "Người dùng facebook"
        },
        {
            "id": "100029997814517",
            "count": 0,
            "name": "Người dùng facebook"
        },
        {
            "id": "61553101342012",
            "count": 0,
            "name": "Người dùng facebook"
        },
        {
            "id": "100007065212660",
            "count": 0,
            "name": "Người dùng facebook"
        },
        {
            "id": "100074334713040",
            "count": 0,
            "name": "Người dùng facebook"
        },
        {
            "id": "100087492356661",
            "count": 0,
            "name": "Người dùng facebook"
        },
        {
            "id": "100074709091405",
            "count": 0,
            "name": "Người dùng facebook"
        },
        {
            "id": "100087971054083",
            "count": 0,
            "name": "Người dùng facebook"
        },
        {
            "id": "61556399663814",
            "count": 0,
            "name": "Người dùng facebook"
        },
        {
            "id": "100081510827893",
            "count": 0,
            "name": "Người dùng facebook"
        },
        {
            "id": "100081627890159",
            "count": 0,
            "name": "Người dùng facebook"
        },
        {
            "id": "100027798677144",
            "count": 0,
            "name": "Người dùng facebook"
        },
        {
            "id": "100044609509330",
            "count": 0,
            "name": "Người dùng facebook"
        },
        {
            "id": "61555819006810",
            "count": 0,
            "name": "Người dùng facebook"
        },
        {
            "id": "100094882102981",
            "count": 0,
            "name": "Người dùng facebook"
        },
        {
            "id": "100093108816202",
            "count": 0,
            "name": "Người dùng facebook"
        },
        {
            "id": "100085144208795",
            "count": 0,
            "name": "Người dùng facebook"
        },
        {
            "id": "100051669790239",
            "count": 0,
            "name": "Người dùng facebook"
        },
        {
            "id": "100087809430248",
            "count": 0,
            "name": "Người dùng facebook"
        },
        {
            "id": "100080588989453",
            "count": 0,
            "name": "Người dùng facebook"
        },
        {
            "id": "100065533754747",
            "count": 0,
            "name": "Người dùng facebook"
        },
        {
            "id": "100085127327916",
            "count": 0,
            "name": "Người dùng facebook"
        },
        {
            "id": "100084176906242",
            "count": 0,
            "name": "Người dùng facebook"
        },
        {
            "id": "100006926802752",
            "count": 0,
            "name": "Người dùng facebook"
        },
        {
            "id": "100081507744064",
            "count": 0,
            "name": "Người dùng facebook"
        },
        {
            "id": "100058940613760",
            "count": 0,
            "name": "Người dùng facebook"
        },
        {
            "id": "61551620020425",
            "count": 0,
            "name": "Người dùng facebook"
        },
        {
            "id": "100028255478328",
            "count": 0,
            "name": "Người dùng facebook"
        },
        {
            "id": "100093233780767",
            "count": 0,
            "name": "Người dùng facebook"
        },
        {
            "id": "61556308707328",
            "count": 0,
            "name": "Người dùng facebook"
        },
        {
            "id": "100080418210790",
            "count": 0,
            "name": "Người dùng facebook"
        }
    ],
    "time": 6,
    "last": {
        "time": 6,
        "day": [
            {
                "id": "100076427276402",
                "count": 0
            },
            {
                "id": "61555182816319",
                "count": 0
            },
            {
                "id": "100080418210790",
                "count": 0
            },
            {
                "id": "100087850929918",
                "count": 0
            },
            {
                "id": "100048783401429",
                "count": 0
            },
            {
                "id": "100085471920283",
                "count": 0
            },
            {
                "id": "100028255478328",
                "count": 0
            },
            {
                "id": "61550992853475",
                "count": 0
            },
            {
                "id": "100079548167019",
                "count": 0
            },
            {
                "id": "100090544423513",
                "count": 0
            },
            {
                "id": "61550697854762",
                "count": 0
            },
            {
                "id": "100043929690519",
                "count": 0
            },
            {
                "id": "61555471987398",
                "count": 0
            },
            {
                "id": "100073578924818",
                "count": 0
            },
            {
                "id": "100090848183290",
                "count": 0
            },
            {
                "id": "100043682540231",
                "count": 0
            },
            {
                "id": "100068096370437",
                "count": 0
            },
            {
                "id": "100001837873386",
                "count": 0
            },
            {
                "id": "100009193419033",
                "count": 0
            },
            {
                "id": "100052009366320",
                "count": 0
            },
            {
                "id": "100091316856326",
                "count": 0
            },
            {
                "id": "61553583506169",
                "count": 0
            },
            {
                "id": "100091770763278",
                "count": 0
            },
            {
                "id": "100041659579465",
                "count": 0
            },
            {
                "id": "100082678057892",
                "count": 0
            },
            {
                "id": "100079585311306",
                "count": 0
            },
            {
                "id": "100061250193582",
                "count": 0
            },
            {
                "id": "100059374452231",
                "count": 0
            },
            {
                "id": "100090525391731",
                "count": 0
            },
            {
                "id": "61555474317496",
                "count": 0
            },
            {
                "id": "100029757967755",
                "count": 0
            },
            {
                "id": "100071343709430",
                "count": 0
            },
            {
                "id": "100066308806339",
                "count": 0
            },
            {
                "id": "100080742641282",
                "count": 0
            },
            {
                "id": "61551229557364",
                "count": 0
            },
            {
                "id": "100088236546457",
                "count": 0
            },
            {
                "id": "100047906294902",
                "count": 0
            },
            {
                "id": "100016376101118",
                "count": 0
            },
            {
                "id": "100039012858279",
                "count": 0
            },
            {
                "id": "100027801340644",
                "count": 0
            },
            {
                "id": "100094290653891",
                "count": 0
            },
            {
                "id": "100094902710329",
                "count": 0
            },
            {
                "id": "100054656869091",
                "count": 0
            },
            {
                "id": "100077558920610",
                "count": 0
            },
            {
                "id": "100034880741534",
                "count": 0
            },
            {
                "id": "100084377660423",
                "count": 0
            },
            {
                "id": "100035219887937",
                "count": 0
            },
            {
                "id": "100034012938013",
                "count": 0
            },
            {
                "id": "61552322412074",
                "count": 0
            },
            {
                "id": "100007880587872",
                "count": 0
            },
            {
                "id": "61555809354118",
                "count": 0
            },
            {
                "id": "100089325279976",
                "count": 0
            },
            {
                "id": "100078677261256",
                "count": 0
            },
            {
                "id": "100037711805760",
                "count": 0
            },
            {
                "id": "100078102463604",
                "count": 0
            },
            {
                "id": "100085222172246",
                "count": 0
            },
            {
                "id": "100060788491560",
                "count": 0
            },
            {
                "id": "100070789340090",
                "count": 0
            },
            {
                "id": "100035193546051",
                "count": 0
            },
            {
                "id": "61551693238013",
                "count": 0
            },
            {
                "id": "100088286101629",
                "count": 0
            },
            {
                "id": "100073593469386",
                "count": 0
            },
            {
                "id": "61551128066557",
                "count": 0
            },
            {
                "id": "100093040719619",
                "count": 0
            },
            {
                "id": "100044685134969",
                "count": 0
            },
            {
                "id": "61551400553103",
                "count": 0
            },
            {
                "id": "100072704823880",
                "count": 0
            },
            {
                "id": "100061652016919",
                "count": 0
            },
            {
                "id": "100080109484165",
                "count": 0
            },
            {
                "id": "100085164078356",
                "count": 0
            },
            {
                "id": "100076332220113",
                "count": 0
            },
            {
                "id": "100066103215102",
                "count": 0
            },
            {
                "id": "61555225588608",
                "count": 0
            },
            {
                "id": "100034316892916",
                "count": 0
            },
            {
                "id": "100067179831285",
                "count": 0
            },
            {
                "id": "100029997814517",
                "count": 0
            },
            {
                "id": "61553101342012",
                "count": 0
            },
            {
                "id": "100007065212660",
                "count": 0
            },
            {
                "id": "100074334713040",
                "count": 0
            },
            {
                "id": "100087492356661",
                "count": 0
            },
            {
                "id": "100092009466021",
                "count": 0
            },
            {
                "id": "100074709091405",
                "count": 0
            },
            {
                "id": "100087971054083",
                "count": 0
            },
            {
                "id": "61552512115727",
                "count": 0
            },
            {
                "id": "61556399663814",
                "count": 0
            },
            {
                "id": "100081510827893",
                "count": 0
            },
            {
                "id": "100081627890159",
                "count": 0
            },
            {
                "id": "100027798677144",
                "count": 0
            },
            {
                "id": "100044609509330",
                "count": 0
            },
            {
                "id": "100026633449948",
                "count": 0
            },
            {
                "id": "61555819006810",
                "count": 0
            },
            {
                "id": "100094882102981",
                "count": 0
            },
            {
                "id": "100093108816202",
                "count": 0
            },
            {
                "id": "100085144208795",
                "count": 0
            },
            {
                "id": "100051669790239",
                "count": 0
            },
            {
                "id": "100087809430248",
                "count": 0
            },
            {
                "id": "100080588989453",
                "count": 0
            },
            {
                "id": "100065533754747",
                "count": 0
            },
            {
                "id": "100085127327916",
                "count": 0
            },
            {
                "id": "100084176906242",
                "count": 0
            },
            {
                "id": "100006926802752",
                "count": 0
            },
            {
                "id": "100081507744064",
                "count": 0
            },
            {
                "id": "100083412458390",
                "count": 0
            },
            {
                "id": "61555478241957",
                "count": 0
            },
            {
                "id": "100058940613760",
                "count": 0
            },
            {
                "id": "61551620020425",
                "count": 0
            },
            {
                "id": "100087329163359",
                "count": 0
            },
            {
                "id": "100093233780767",
                "count": 0
            },
            {
                "id": "61556308707328",
                "count": 0
            }
        ],
        "week": [
            {
                "id": "100076427276402",
                "count": 0
            },
            {
                "id": "61555182816319",
                "count": 0
            },
            {
                "id": "100080418210790",
                "count": 0
            },
            {
                "id": "100087850929918",
                "count": 0
            },
            {
                "id": "100048783401429",
                "count": 0
            },
            {
                "id": "100085471920283",
                "count": 0
            },
            {
                "id": "100028255478328",
                "count": 0
            },
            {
                "id": "61550992853475",
                "count": 0
            },
            {
                "id": "100079548167019",
                "count": 0
            },
            {
                "id": "100090544423513",
                "count": 0
            },
            {
                "id": "61550697854762",
                "count": 0
            },
            {
                "id": "100043929690519",
                "count": 0
            },
            {
                "id": "61555471987398",
                "count": 0
            },
            {
                "id": "100073578924818",
                "count": 0
            },
            {
                "id": "100090848183290",
                "count": 0
            },
            {
                "id": "100043682540231",
                "count": 0
            },
            {
                "id": "100068096370437",
                "count": 0
            },
            {
                "id": "100001837873386",
                "count": 0
            },
            {
                "id": "100009193419033",
                "count": 0
            },
            {
                "id": "100052009366320",
                "count": 0
            },
            {
                "id": "100091316856326",
                "count": 0
            },
            {
                "id": "61553583506169",
                "count": 0
            },
            {
                "id": "100091770763278",
                "count": 0
            },
            {
                "id": "100041659579465",
                "count": 0
            },
            {
                "id": "100082678057892",
                "count": 0
            },
            {
                "id": "100079585311306",
                "count": 0
            },
            {
                "id": "100061250193582",
                "count": 0
            },
            {
                "id": "100059374452231",
                "count": 0
            },
            {
                "id": "100090525391731",
                "count": 0
            },
            {
                "id": "61555474317496",
                "count": 0
            },
            {
                "id": "100029757967755",
                "count": 0
            },
            {
                "id": "100071343709430",
                "count": 0
            },
            {
                "id": "100066308806339",
                "count": 0
            },
            {
                "id": "100080742641282",
                "count": 0
            },
            {
                "id": "61551229557364",
                "count": 0
            },
            {
                "id": "100088236546457",
                "count": 0
            },
            {
                "id": "100047906294902",
                "count": 0
            },
            {
                "id": "100016376101118",
                "count": 0
            },
            {
                "id": "100039012858279",
                "count": 0
            },
            {
                "id": "100027801340644",
                "count": 0
            },
            {
                "id": "100094290653891",
                "count": 0
            },
            {
                "id": "100094902710329",
                "count": 0
            },
            {
                "id": "100054656869091",
                "count": 0
            },
            {
                "id": "100077558920610",
                "count": 0
            },
            {
                "id": "100034880741534",
                "count": 0
            },
            {
                "id": "100084377660423",
                "count": 0
            },
            {
                "id": "100035219887937",
                "count": 0
            },
            {
                "id": "100034012938013",
                "count": 0
            },
            {
                "id": "61552322412074",
                "count": 0
            },
            {
                "id": "100007880587872",
                "count": 0
            },
            {
                "id": "61555809354118",
                "count": 0
            },
            {
                "id": "100089325279976",
                "count": 0
            },
            {
                "id": "100078677261256",
                "count": 0
            },
            {
                "id": "100037711805760",
                "count": 0
            },
            {
                "id": "100078102463604",
                "count": 0
            },
            {
                "id": "100085222172246",
                "count": 0
            },
            {
                "id": "100060788491560",
                "count": 0
            },
            {
                "id": "100070789340090",
                "count": 0
            },
            {
                "id": "100035193546051",
                "count": 0
            },
            {
                "id": "61551693238013",
                "count": 0
            },
            {
                "id": "100088286101629",
                "count": 0
            },
            {
                "id": "100073593469386",
                "count": 0
            },
            {
                "id": "61551128066557",
                "count": 0
            },
            {
                "id": "100093040719619",
                "count": 0
            },
            {
                "id": "100044685134969",
                "count": 0
            },
            {
                "id": "61551400553103",
                "count": 0
            },
            {
                "id": "100072704823880",
                "count": 0
            },
            {
                "id": "100061652016919",
                "count": 0
            },
            {
                "id": "100080109484165",
                "count": 0
            },
            {
                "id": "100085164078356",
                "count": 0
            },
            {
                "id": "100076332220113",
                "count": 0
            },
            {
                "id": "100066103215102",
                "count": 0
            },
            {
                "id": "61555225588608",
                "count": 0
            },
            {
                "id": "100034316892916",
                "count": 0
            },
            {
                "id": "100067179831285",
                "count": 0
            },
            {
                "id": "100029997814517",
                "count": 0
            },
            {
                "id": "61553101342012",
                "count": 0
            },
            {
                "id": "100007065212660",
                "count": 0
            },
            {
                "id": "100074334713040",
                "count": 0
            },
            {
                "id": "100087492356661",
                "count": 0
            },
            {
                "id": "100092009466021",
                "count": 0
            },
            {
                "id": "100074709091405",
                "count": 0
            },
            {
                "id": "100087971054083",
                "count": 0
            },
            {
                "id": "61552512115727",
                "count": 0
            },
            {
                "id": "61556399663814",
                "count": 0
            },
            {
                "id": "100081510827893",
                "count": 0
            },
            {
                "id": "100081627890159",
                "count": 0
            },
            {
                "id": "100027798677144",
                "count": 0
            },
            {
                "id": "100044609509330",
                "count": 0
            },
            {
                "id": "100026633449948",
                "count": 0
            },
            {
                "id": "61555819006810",
                "count": 0
            },
            {
                "id": "100094882102981",
                "count": 0
            },
            {
                "id": "100093108816202",
                "count": 0
            },
            {
                "id": "100085144208795",
                "count": 0
            },
            {
                "id": "100051669790239",
                "count": 0
            },
            {
                "id": "100087809430248",
                "count": 0
            },
            {
                "id": "100080588989453",
                "count": 0
            },
            {
                "id": "100065533754747",
                "count": 0
            },
            {
                "id": "100085127327916",
                "count": 0
            },
            {
                "id": "100084176906242",
                "count": 0
            },
            {
                "id": "100006926802752",
                "count": 0
            },
            {
                "id": "100081507744064",
                "count": 0
            },
            {
                "id": "100083412458390",
                "count": 0
            },
            {
                "id": "61555478241957",
                "count": 0
            },
            {
                "id": "100058940613760",
                "count": 0
            },
            {
                "id": "61551620020425",
                "count": 0
            },
            {
                "id": "100087329163359",
                "count": 0
            },
            {
                "id": "100093233780767",
                "count": 0
            },
            {
                "id": "61556308707328",
                "count": 0
            }
        ]
    }
}