{
    "total": [
        {
            "id": "100070819382775",
            "count": 52
        },
        {
            "id": "100046194132744",
            "count": 64
        },
        {
            "id": "100093914177461",
            "count": 0
        },
        {
            "id": "61552825213862",
            "count": 0
        },
        {
            "id": "100006097063459",
            "count": 0
        },
        {
            "id": "100086685185887",
            "count": 17
        },
        {
            "id": "61558820510828",
            "count": 0
        },
        {
            "id": "100089281770842",
            "count": 0
        },
        {
            "id": "100080014853258",
            "count": 0
        },
        {
            "id": "100088577864287",
            "count": 0
        },
        {
            "id": "100080123093230",
            "count": 0
        },
        {
            "id": "100080739331643",
            "count": 1
        },
        {
            "id": "100055113810459",
            "count": 0
        },
        {
            "id": "100089764676661",
            "count": 0
        },
        {
            "id": "100094535715065",
            "count": 7
        },
        {
            "id": "100094350981960",
            "count": 0
        },
        {
            "id": "61559090292716",
            "count": 0
        },
        {
            "id": "100075464515869",
            "count": 0
        },
        {
            "id": "100077901428176",
            "count": 0
        },
        {
            "id": "100092260795883",
            "count": 0
        },
        {
            "id": "100063880865124",
            "count": 0
        },
        {
            "id": "100067978656608",
            "count": 0
        },
        {
            "id": "100031338156421",
            "count": 0
        },
        {
            "id": "100023857602976",
            "count": 0
        },
        {
            "id": "100094763971051",
            "count": 0
        },
        {
            "id": "61563832109498",
            "count": 0
        },
        {
            "id": "100018411395941",
            "count": 0
        },
        {
            "id": "100075512393193",
            "count": 0
        },
        {
            "id": "100048500084522",
            "count": 0
        },
        {
            "id": "100056119445798",
            "count": 0
        },
        {
            "id": "100048122407997",
            "count": 6
        },
        {
            "id": "100088451198596",
            "count": 0
        },
        {
            "id": "100093284960552",
            "count": 8
        },
        {
            "id": "61551915796763",
            "count": 0
        },
        {
            "id": "100013968438746",
            "count": 0
        },
        {
            "id": "61563291333043",
            "count": 0
        },
        {
            "id": "100011323780653",
            "count": 0
        },
        {
            "id": "100087500410017",
            "count": 0
        },
        {
            "id": "61555678132825",
            "count": 0
        },
        {
            "id": "100025121046284",
            "count": 0
        },
        {
            "id": "100009624408776",
            "count": 0
        },
        {
            "id": "100091493696592",
            "count": 0
        },
        {
            "id": "100084044474639",
            "count": 0
        },
        {
            "id": "100030026832040",
            "count": 0
        },
        {
            "id": "100029183482125",
            "count": 0
        },
        {
            "id": "100033281053850",
            "count": 0
        },
        {
            "id": "100089644755548",
            "count": 1
        },
        {
            "id": "100063228021006",
            "count": 0
        },
        {
            "id": "100049776733335",
            "count": 5
        },
        {
            "id": "100047698685895",
            "count": 0
        },
        {
            "id": "100082226151576",
            "count": 0
        },
        {
            "id": "100027424487815",
            "count": 0
        },
        {
            "id": "100084225200116",
            "count": 4
        },
        {
            "id": "61551116997322",
            "count": 0
        },
        {
            "id": "100029476643736",
            "count": 0
        },
        {
            "id": "100026127662970",
            "count": 0
        },
        {
            "id": "100084250034617",
            "count": 0
        },
        {
            "id": "61556796044310",
            "count": 2
        },
        {
            "id": "100065105784526",
            "count": 0
        },
        {
            "id": "100084191943579",
            "count": 0
        },
        {
            "id": "100073127397434",
            "count": 0
        },
        {
            "id": "61554950992898",
            "count": 0
        },
        {
            "id": "100084236041774",
            "count": 0
        },
        {
            "id": "100042265328849",
            "count": 0
        },
        {
            "id": "100075865253990",
            "count": 0
        },
        {
            "id": "100084399100611",
            "count": 0
        },
        {
            "id": "100086767380329",
            "count": 38
        },
        {
            "id": "100066551032267",
            "count": 0
        },
        {
            "id": "61559265814379",
            "count": 0
        },
        {
            "id": "61562261650095",
            "count": 0
        },
        {
            "id": "100074763546632",
            "count": 37
        },
        {
            "id": "61553980847545",
            "count": 0
        },
        {
            "id": "61553443611305",
            "count": 0
        },
        {
            "id": "61554899398788",
            "count": 0
        },
        {
            "id": "100089962052603",
            "count": 0
        },
        {
            "id": "100084035917282",
            "count": 0
        },
        {
            "id": "100075302427263",
            "count": 0
        },
        {
            "id": "100079179979298",
            "count": 0
        },
        {
            "id": "100089817925507",
            "count": 0
        },
        {
            "id": "100038291491594",
            "count": 19
        },
        {
            "id": "100069518973103",
            "count": 0
        },
        {
            "id": "100089331576876",
            "count": 5
        }
    ],
    "week": [
        {
            "id": "100070819382775",
            "count": 52
        },
        {
            "id": "100046194132744",
            "count": 64
        },
        {
            "id": "100093914177461",
            "count": 0
        },
        {
            "id": "61552825213862",
            "count": 0
        },
        {
            "id": "100006097063459",
            "count": 0
        },
        {
            "id": "100086685185887",
            "count": 17
        },
        {
            "id": "61558820510828",
            "count": 0
        },
        {
            "id": "100089281770842",
            "count": 0
        },
        {
            "id": "100080014853258",
            "count": 0
        },
        {
            "id": "100088577864287",
            "count": 0
        },
        {
            "id": "100080123093230",
            "count": 0
        },
        {
            "id": "100080739331643",
            "count": 1
        },
        {
            "id": "100055113810459",
            "count": 0
        },
        {
            "id": "100089764676661",
            "count": 0
        },
        {
            "id": "100094535715065",
            "count": 7
        },
        {
            "id": "100094350981960",
            "count": 0
        },
        {
            "id": "61559090292716",
            "count": 0
        },
        {
            "id": "100075464515869",
            "count": 0
        },
        {
            "id": "100077901428176",
            "count": 0
        },
        {
            "id": "100092260795883",
            "count": 0
        },
        {
            "id": "100063880865124",
            "count": 0
        },
        {
            "id": "100067978656608",
            "count": 0
        },
        {
            "id": "100031338156421",
            "count": 0
        },
        {
            "id": "100023857602976",
            "count": 0
        },
        {
            "id": "100094763971051",
            "count": 0
        },
        {
            "id": "61563832109498",
            "count": 0
        },
        {
            "id": "100018411395941",
            "count": 0
        },
        {
            "id": "100075512393193",
            "count": 0
        },
        {
            "id": "100048500084522",
            "count": 0
        },
        {
            "id": "100056119445798",
            "count": 0
        },
        {
            "id": "100048122407997",
            "count": 6
        },
        {
            "id": "100088451198596",
            "count": 0
        },
        {
            "id": "100093284960552",
            "count": 8
        },
        {
            "id": "61551915796763",
            "count": 0
        },
        {
            "id": "100013968438746",
            "count": 0
        },
        {
            "id": "61563291333043",
            "count": 0
        },
        {
            "id": "100011323780653",
            "count": 0
        },
        {
            "id": "100087500410017",
            "count": 0
        },
        {
            "id": "61555678132825",
            "count": 0
        },
        {
            "id": "100025121046284",
            "count": 0
        },
        {
            "id": "100009624408776",
            "count": 0
        },
        {
            "id": "100091493696592",
            "count": 0
        },
        {
            "id": "100084044474639",
            "count": 0
        },
        {
            "id": "100030026832040",
            "count": 0
        },
        {
            "id": "100029183482125",
            "count": 0
        },
        {
            "id": "100033281053850",
            "count": 0
        },
        {
            "id": "100089644755548",
            "count": 1
        },
        {
            "id": "100063228021006",
            "count": 0
        },
        {
            "id": "100049776733335",
            "count": 5
        },
        {
            "id": "100047698685895",
            "count": 0
        },
        {
            "id": "100082226151576",
            "count": 0
        },
        {
            "id": "100027424487815",
            "count": 0
        },
        {
            "id": "100084225200116",
            "count": 4
        },
        {
            "id": "61551116997322",
            "count": 0
        },
        {
            "id": "100029476643736",
            "count": 0
        },
        {
            "id": "100026127662970",
            "count": 0
        },
        {
            "id": "100084250034617",
            "count": 0
        },
        {
            "id": "61556796044310",
            "count": 2
        },
        {
            "id": "100065105784526",
            "count": 0
        },
        {
            "id": "100084191943579",
            "count": 0
        },
        {
            "id": "100073127397434",
            "count": 0
        },
        {
            "id": "61554950992898",
            "count": 0
        },
        {
            "id": "100084236041774",
            "count": 0
        },
        {
            "id": "100042265328849",
            "count": 0
        },
        {
            "id": "100075865253990",
            "count": 0
        },
        {
            "id": "100084399100611",
            "count": 0
        },
        {
            "id": "100086767380329",
            "count": 38
        },
        {
            "id": "100066551032267",
            "count": 0
        },
        {
            "id": "61559265814379",
            "count": 0
        },
        {
            "id": "61562261650095",
            "count": 0
        },
        {
            "id": "100074763546632",
            "count": 37
        },
        {
            "id": "61553980847545",
            "count": 0
        },
        {
            "id": "61553443611305",
            "count": 0
        },
        {
            "id": "61554899398788",
            "count": 0
        },
        {
            "id": "100089962052603",
            "count": 0
        },
        {
            "id": "100084035917282",
            "count": 0
        },
        {
            "id": "100075302427263",
            "count": 0
        },
        {
            "id": "100079179979298",
            "count": 0
        },
        {
            "id": "100089817925507",
            "count": 0
        },
        {
            "id": "100038291491594",
            "count": 19
        },
        {
            "id": "100069518973103",
            "count": 0
        },
        {
            "id": "100089331576876",
            "count": 5
        }
    ],
    "day": [
        {
            "id": "100070819382775",
            "count": 52
        },
        {
            "id": "100046194132744",
            "count": 64
        },
        {
            "id": "100093914177461",
            "count": 0
        },
        {
            "id": "61552825213862",
            "count": 0
        },
        {
            "id": "100006097063459",
            "count": 0
        },
        {
            "id": "100086685185887",
            "count": 17
        },
        {
            "id": "61558820510828",
            "count": 0
        },
        {
            "id": "100089281770842",
            "count": 0
        },
        {
            "id": "100080014853258",
            "count": 0
        },
        {
            "id": "100088577864287",
            "count": 0
        },
        {
            "id": "100080123093230",
            "count": 0
        },
        {
            "id": "100080739331643",
            "count": 1
        },
        {
            "id": "100055113810459",
            "count": 0
        },
        {
            "id": "100089764676661",
            "count": 0
        },
        {
            "id": "100094535715065",
            "count": 7
        },
        {
            "id": "100094350981960",
            "count": 0
        },
        {
            "id": "61559090292716",
            "count": 0
        },
        {
            "id": "100075464515869",
            "count": 0
        },
        {
            "id": "100077901428176",
            "count": 0
        },
        {
            "id": "100092260795883",
            "count": 0
        },
        {
            "id": "100063880865124",
            "count": 0
        },
        {
            "id": "100067978656608",
            "count": 0
        },
        {
            "id": "100031338156421",
            "count": 0
        },
        {
            "id": "100023857602976",
            "count": 0
        },
        {
            "id": "100094763971051",
            "count": 0
        },
        {
            "id": "61563832109498",
            "count": 0
        },
        {
            "id": "100018411395941",
            "count": 0
        },
        {
            "id": "100075512393193",
            "count": 0
        },
        {
            "id": "100048500084522",
            "count": 0
        },
        {
            "id": "100056119445798",
            "count": 0
        },
        {
            "id": "100048122407997",
            "count": 6
        },
        {
            "id": "100088451198596",
            "count": 0
        },
        {
            "id": "100093284960552",
            "count": 8
        },
        {
            "id": "61551915796763",
            "count": 0
        },
        {
            "id": "100013968438746",
            "count": 0
        },
        {
            "id": "61563291333043",
            "count": 0
        },
        {
            "id": "100011323780653",
            "count": 0
        },
        {
            "id": "100087500410017",
            "count": 0
        },
        {
            "id": "61555678132825",
            "count": 0
        },
        {
            "id": "100025121046284",
            "count": 0
        },
        {
            "id": "100009624408776",
            "count": 0
        },
        {
            "id": "100091493696592",
            "count": 0
        },
        {
            "id": "100084044474639",
            "count": 0
        },
        {
            "id": "100030026832040",
            "count": 0
        },
        {
            "id": "100029183482125",
            "count": 0
        },
        {
            "id": "100033281053850",
            "count": 0
        },
        {
            "id": "100089644755548",
            "count": 1
        },
        {
            "id": "100063228021006",
            "count": 0
        },
        {
            "id": "100049776733335",
            "count": 5
        },
        {
            "id": "100047698685895",
            "count": 0
        },
        {
            "id": "100082226151576",
            "count": 0
        },
        {
            "id": "100027424487815",
            "count": 0
        },
        {
            "id": "100084225200116",
            "count": 4
        },
        {
            "id": "61551116997322",
            "count": 0
        },
        {
            "id": "100029476643736",
            "count": 0
        },
        {
            "id": "100026127662970",
            "count": 0
        },
        {
            "id": "100084250034617",
            "count": 0
        },
        {
            "id": "61556796044310",
            "count": 2
        },
        {
            "id": "100065105784526",
            "count": 0
        },
        {
            "id": "100084191943579",
            "count": 0
        },
        {
            "id": "100073127397434",
            "count": 0
        },
        {
            "id": "61554950992898",
            "count": 0
        },
        {
            "id": "100084236041774",
            "count": 0
        },
        {
            "id": "100042265328849",
            "count": 0
        },
        {
            "id": "100075865253990",
            "count": 0
        },
        {
            "id": "100084399100611",
            "count": 0
        },
        {
            "id": "100086767380329",
            "count": 38
        },
        {
            "id": "100066551032267",
            "count": 0
        },
        {
            "id": "61559265814379",
            "count": 0
        },
        {
            "id": "61562261650095",
            "count": 0
        },
        {
            "id": "100074763546632",
            "count": 37
        },
        {
            "id": "61553980847545",
            "count": 0
        },
        {
            "id": "61553443611305",
            "count": 0
        },
        {
            "id": "61554899398788",
            "count": 0
        },
        {
            "id": "100089962052603",
            "count": 0
        },
        {
            "id": "100084035917282",
            "count": 0
        },
        {
            "id": "100075302427263",
            "count": 0
        },
        {
            "id": "100079179979298",
            "count": 0
        },
        {
            "id": "100089817925507",
            "count": 0
        },
        {
            "id": "100038291491594",
            "count": 19
        },
        {
            "id": "100069518973103",
            "count": 0
        },
        {
            "id": "100089331576876",
            "count": 5
        }
    ],
    "time": 6,
    "last": {
        "time": 5,
        "day": [
            {
                "id": "100070819382775",
                "count": 0
            },
            {
                "id": "100046194132744",
                "count": 0
            },
            {
                "id": "100093914177461",
                "count": 0
            },
            {
                "id": "61552825213862",
                "count": 0
            },
            {
                "id": "100006097063459",
                "count": 0
            },
            {
                "id": "100086685185887",
                "count": 0
            },
            {
                "id": "61558820510828",
                "count": 0
            },
            {
                "id": "100089281770842",
                "count": 0
            },
            {
                "id": "100080014853258",
                "count": 0
            },
            {
                "id": "100088577864287",
                "count": 0
            },
            {
                "id": "100080123093230",
                "count": 0
            },
            {
                "id": "100080739331643",
                "count": 0
            },
            {
                "id": "100077049232270",
                "count": 0
            },
            {
                "id": "100055113810459",
                "count": 0
            },
            {
                "id": "100089764676661",
                "count": 0
            },
            {
                "id": "100094535715065",
                "count": 0
            },
            {
                "id": "100094350981960",
                "count": 0
            },
            {
                "id": "61559090292716",
                "count": 0
            },
            {
                "id": "100075464515869",
                "count": 0
            },
            {
                "id": "100077901428176",
                "count": 0
            },
            {
                "id": "100092260795883",
                "count": 0
            },
            {
                "id": "100063880865124",
                "count": 0
            },
            {
                "id": "100067978656608",
                "count": 0
            },
            {
                "id": "100031338156421",
                "count": 0
            },
            {
                "id": "100023857602976",
                "count": 0
            },
            {
                "id": "100094763971051",
                "count": 0
            },
            {
                "id": "61563832109498",
                "count": 0
            },
            {
                "id": "100018411395941",
                "count": 0
            },
            {
                "id": "100075512393193",
                "count": 0
            },
            {
                "id": "100048500084522",
                "count": 0
            },
            {
                "id": "100056119445798",
                "count": 0
            },
            {
                "id": "100048122407997",
                "count": 0
            },
            {
                "id": "100088451198596",
                "count": 0
            },
            {
                "id": "100093284960552",
                "count": 0
            },
            {
                "id": "61551915796763",
                "count": 0
            },
            {
                "id": "100013968438746",
                "count": 0
            },
            {
                "id": "61563291333043",
                "count": 0
            },
            {
                "id": "100011323780653",
                "count": 0
            },
            {
                "id": "100087500410017",
                "count": 0
            },
            {
                "id": "61555678132825",
                "count": 0
            },
            {
                "id": "100025121046284",
                "count": 0
            },
            {
                "id": "100009624408776",
                "count": 0
            },
            {
                "id": "100091493696592",
                "count": 0
            },
            {
                "id": "100084044474639",
                "count": 0
            },
            {
                "id": "100030026832040",
                "count": 0
            },
            {
                "id": "100029183482125",
                "count": 0
            },
            {
                "id": "100033281053850",
                "count": 0
            },
            {
                "id": "100089644755548",
                "count": 0
            },
            {
                "id": "100063228021006",
                "count": 0
            },
            {
                "id": "100049776733335",
                "count": 0
            },
            {
                "id": "100047698685895",
                "count": 0
            },
            {
                "id": "100082226151576",
                "count": 0
            },
            {
                "id": "100027424487815",
                "count": 0
            },
            {
                "id": "100084225200116",
                "count": 0
            },
            {
                "id": "61551116997322",
                "count": 0
            },
            {
                "id": "100029476643736",
                "count": 0
            },
            {
                "id": "100026127662970",
                "count": 0
            },
            {
                "id": "100084250034617",
                "count": 0
            },
            {
                "id": "61556796044310",
                "count": 0
            },
            {
                "id": "100065105784526",
                "count": 0
            },
            {
                "id": "100084191943579",
                "count": 0
            },
            {
                "id": "100073127397434",
                "count": 0
            },
            {
                "id": "61554950992898",
                "count": 0
            },
            {
                "id": "100084236041774",
                "count": 0
            },
            {
                "id": "100042265328849",
                "count": 0
            },
            {
                "id": "100075865253990",
                "count": 0
            },
            {
                "id": "100084399100611",
                "count": 0
            },
            {
                "id": "100086767380329",
                "count": 0
            },
            {
                "id": "100066551032267",
                "count": 0
            },
            {
                "id": "61559265814379",
                "count": 0
            },
            {
                "id": "61562261650095",
                "count": 0
            },
            {
                "id": "100074763546632",
                "count": 0
            },
            {
                "id": "61553980847545",
                "count": 0
            },
            {
                "id": "61553443611305",
                "count": 0
            },
            {
                "id": "61554899398788",
                "count": 0
            },
            {
                "id": "100089962052603",
                "count": 0
            },
            {
                "id": "100056969966231",
                "count": 0
            },
            {
                "id": "100084035917282",
                "count": 0
            },
            {
                "id": "100075302427263",
                "count": 0
            },
            {
                "id": "100079179979298",
                "count": 0
            },
            {
                "id": "100089817925507",
                "count": 0
            },
            {
                "id": "100071572662377",
                "count": 0
            },
            {
                "id": "100038291491594",
                "count": 0
            },
            {
                "id": "100069518973103",
                "count": 0
            },
            {
                "id": "100089331576876",
                "count": 0
            }
        ],
        "week": [
            {
                "id": "100070819382775",
                "count": 0
            },
            {
                "id": "100046194132744",
                "count": 0
            },
            {
                "id": "100093914177461",
                "count": 0
            },
            {
                "id": "61552825213862",
                "count": 0
            },
            {
                "id": "100006097063459",
                "count": 0
            },
            {
                "id": "100086685185887",
                "count": 0
            },
            {
                "id": "61558820510828",
                "count": 0
            },
            {
                "id": "100089281770842",
                "count": 0
            },
            {
                "id": "100080014853258",
                "count": 0
            },
            {
                "id": "100088577864287",
                "count": 0
            },
            {
                "id": "100080123093230",
                "count": 0
            },
            {
                "id": "100080739331643",
                "count": 0
            },
            {
                "id": "100077049232270",
                "count": 0
            },
            {
                "id": "100055113810459",
                "count": 0
            },
            {
                "id": "100089764676661",
                "count": 0
            },
            {
                "id": "100094535715065",
                "count": 0
            },
            {
                "id": "100094350981960",
                "count": 0
            },
            {
                "id": "61559090292716",
                "count": 0
            },
            {
                "id": "100075464515869",
                "count": 0
            },
            {
                "id": "100077901428176",
                "count": 0
            },
            {
                "id": "100092260795883",
                "count": 0
            },
            {
                "id": "100063880865124",
                "count": 0
            },
            {
                "id": "100067978656608",
                "count": 0
            },
            {
                "id": "100031338156421",
                "count": 0
            },
            {
                "id": "100023857602976",
                "count": 0
            },
            {
                "id": "100094763971051",
                "count": 0
            },
            {
                "id": "61563832109498",
                "count": 0
            },
            {
                "id": "100018411395941",
                "count": 0
            },
            {
                "id": "100075512393193",
                "count": 0
            },
            {
                "id": "100048500084522",
                "count": 0
            },
            {
                "id": "100056119445798",
                "count": 0
            },
            {
                "id": "100048122407997",
                "count": 0
            },
            {
                "id": "100088451198596",
                "count": 0
            },
            {
                "id": "100093284960552",
                "count": 0
            },
            {
                "id": "61551915796763",
                "count": 0
            },
            {
                "id": "100013968438746",
                "count": 0
            },
            {
                "id": "61563291333043",
                "count": 0
            },
            {
                "id": "100011323780653",
                "count": 0
            },
            {
                "id": "100087500410017",
                "count": 0
            },
            {
                "id": "61555678132825",
                "count": 0
            },
            {
                "id": "100025121046284",
                "count": 0
            },
            {
                "id": "100009624408776",
                "count": 0
            },
            {
                "id": "100091493696592",
                "count": 0
            },
            {
                "id": "100084044474639",
                "count": 0
            },
            {
                "id": "100030026832040",
                "count": 0
            },
            {
                "id": "100029183482125",
                "count": 0
            },
            {
                "id": "100033281053850",
                "count": 0
            },
            {
                "id": "100089644755548",
                "count": 0
            },
            {
                "id": "100063228021006",
                "count": 0
            },
            {
                "id": "100049776733335",
                "count": 0
            },
            {
                "id": "100047698685895",
                "count": 0
            },
            {
                "id": "100082226151576",
                "count": 0
            },
            {
                "id": "100027424487815",
                "count": 0
            },
            {
                "id": "100084225200116",
                "count": 0
            },
            {
                "id": "61551116997322",
                "count": 0
            },
            {
                "id": "100029476643736",
                "count": 0
            },
            {
                "id": "100026127662970",
                "count": 0
            },
            {
                "id": "100084250034617",
                "count": 0
            },
            {
                "id": "61556796044310",
                "count": 0
            },
            {
                "id": "100065105784526",
                "count": 0
            },
            {
                "id": "100084191943579",
                "count": 0
            },
            {
                "id": "100073127397434",
                "count": 0
            },
            {
                "id": "61554950992898",
                "count": 0
            },
            {
                "id": "100084236041774",
                "count": 0
            },
            {
                "id": "100042265328849",
                "count": 0
            },
            {
                "id": "100075865253990",
                "count": 0
            },
            {
                "id": "100084399100611",
                "count": 0
            },
            {
                "id": "100086767380329",
                "count": 0
            },
            {
                "id": "100066551032267",
                "count": 0
            },
            {
                "id": "61559265814379",
                "count": 0
            },
            {
                "id": "61562261650095",
                "count": 0
            },
            {
                "id": "100074763546632",
                "count": 0
            },
            {
                "id": "61553980847545",
                "count": 0
            },
            {
                "id": "61553443611305",
                "count": 0
            },
            {
                "id": "61554899398788",
                "count": 0
            },
            {
                "id": "100089962052603",
                "count": 0
            },
            {
                "id": "100056969966231",
                "count": 0
            },
            {
                "id": "100084035917282",
                "count": 0
            },
            {
                "id": "100075302427263",
                "count": 0
            },
            {
                "id": "100079179979298",
                "count": 0
            },
            {
                "id": "100089817925507",
                "count": 0
            },
            {
                "id": "100071572662377",
                "count": 0
            },
            {
                "id": "100038291491594",
                "count": 0
            },
            {
                "id": "100069518973103",
                "count": 0
            },
            {
                "id": "100089331576876",
                "count": 0
            }
        ]
    }
}