{
    "total": [
        {
            "id": "100070819382775",
            "count": 7
        },
        {
            "id": "100093284960552",
            "count": 24
        },
        {
            "id": "100046194132744",
            "count": 30
        }
    ],
    "week": [
        {
            "id": "100070819382775",
            "count": 7
        },
        {
            "id": "100093284960552",
            "count": 24
        },
        {
            "id": "100046194132744",
            "count": 30
        }
    ],
    "day": [
        {
            "id": "100070819382775",
            "count": 7
        },
        {
            "id": "100093284960552",
            "count": 24
        },
        {
            "id": "100046194132744",
            "count": 30
        }
    ],
    "time": 6,
    "last": {
        "time": 5,
        "day": [
            {
                "id": "100070819382775",
                "count": 0
            },
            {
                "id": "100093284960552",
                "count": 0
            },
            {
                "id": "100046194132744",
                "count": 0
            }
        ],
        "week": [
            {
                "id": "100070819382775",
                "count": 0
            },
            {
                "id": "100093284960552",
                "count": 0
            },
            {
                "id": "100046194132744",
                "count": 0
            }
        ]
    }
}